advertiser,advertiser_type,source_note
Mars,direct_employer,Manual override: company/employer
Specsavers,direct_employer,Manual override: company/employer
Vision Express,direct_employer,Manual override: company/employer
Barchester Healthcare,direct_employer,Manual override: company/employer
Creative Support Ltd,direct_employer,Manual override: company/employer
Ramsay Health Care,direct_employer,Manual override: company/employer
Vivid Optical,recruitment_agency,Manual override: recruitment business
Leaders In Care Recruitment Ltd,recruitment_agency,Manual override: recruitment business
Reed,recruitment_agency,Manual override: recruitment business
Remedy Recruitment Group,recruitment_agency,Manual override: recruitment business
Donard Recruitment Ltd,recruitment_agency,Manual override: recruitment business
Academics,recruitment_agency,Manual override: recruitment business
Inspired Recruitment Group,recruitment_agency,Manual override: recruitment business
SCR Recruitment Services,recruitment_agency,Manual override: recruitment business
