month,normalised_title,likely_family,total_count,days_seen,unique_companies,unique_locations,top_companies,top_locations,top_regions,example_titles
2026-06,veterinary account manager - royal canin,sales,85,1,1,85,Mars (85),Whitburn (1); Honiton (1); Scone (1); Mayfield (1); Ottery St. Mary (1),Other / Unknown (85),Veterinary Account Manager - Royal Canin
2026-06,veterinary client success lead - vetsource,unclassified,68,1,1,68,Mars (68),Thorngumbald (1); Washwood Heath (1); Keyingham (1); Knowle (1); Burstwick (1),Other / Unknown (67); West Yorkshire (1),Veterinary Client Success Lead - Vetsource
2026-06,pet care client success manager - vetsource,unclassified,68,1,1,68,Mars (68),Acocks Green (1); Attleborough (1); Castle Vale (1); Thorngumbald (1); Keyingham (1),Other / Unknown (67); West Yorkshire (1),Pet Care Client Success Manager - Vetsource
2026-06,veterinary business growth lead - vetsource,unclassified,68,1,1,68,Mars (68),Knowle (1); Shirley (1); Solihull (1); Patrington (1); Keyingham (1),Other / Unknown (67); West Yorkshire (1),Veterinary Business Growth Lead - Vetsource
2026-06,veterinary client engagement lead - vetsource,unclassified,66,1,1,66,Mars (66),Solihull (1); Shirley (1); Burstwick (1); Patrington (1); Keyingham (1),Other / Unknown (65); West Yorkshire (1),Veterinary Client Engagement Lead - Vetsource
2026-06,veterinary client relationship manager - royal canin,sales,58,1,1,58,Mars (58),Gillingham (1); Musselburgh (1); Arbroath (1); Coupar Angus (1); Dalkeith (1),Other / Unknown (58),Veterinary Client Relationship Manager - Royal Canin
2026-06,animal wellness business manager - royal canin,sales,58,1,1,58,Mars (58),Prestonpans (1); Whitburn (1); Warminster (1); Sherborne (1); Gillingham (1),Other / Unknown (58),Animal Wellness Business Manager - Royal Canin
2026-06,veterinary practice business consultant - royal canin,sales,58,1,1,58,Mars (58),Bathgate (1); Manston (1); Sherborne (1); Arbroath (1); Broxburn (1),Other / Unknown (58),Veterinary Practice Business Consultant - Royal Canin
2026-06,veterinary practice sales representative - royal canin,sales,58,1,1,58,Mars (58),Warminster (1); Livingston (1); Bonnyrigg (1); Sherborne (1); Forfar (1),Other / Unknown (58),Veterinary Practice Sales Representative - Royal Canin
2026-06,registered manager,unclassified,53,1,30,47,Leaders In Care Recruitment Ltd (7); Coburg Banks Limited (4); Recruited UK (4); SCR Recruitment Services (4); Consensus Support Services Limited (3),Oldbury (2); Nottingham (2); Leicester (2); Canterbury (2); London (2),Other / Unknown (45); North East (4); Lancashire (1); Greater Manchester (1); West Yorkshire (1),Registered Manager
2026-06,veterinary digital partnerships manager,unclassified,43,1,1,43,Mars (43),Shaftesbury (1); Yeadon (1); Gillingham (1); Manston (1); Sherborne (1),Other / Unknown (21); West Yorkshire (18); South Yorkshire (4),Veterinary Digital Partnerships Manager
2026-06,digital veterinary business manager,unclassified,42,1,1,42,Mars (42),Warminster (1); England (1); Sherborne (1); Manston (1); Yeadon (1),Other / Unknown (20); West Yorkshire (18); South Yorkshire (4),Digital Veterinary Business Manager
2026-06,veterinary business manager-digital services,unclassified,42,1,1,42,Mars (42),Gillingham (1); Shaftesbury (1); Morley (1); Sherborne (1); Warminster (1),Other / Unknown (20); West Yorkshire (18); South Yorkshire (4),Veterinary Business Manager-Digital Services
2026-06,veterinary digital solutions manager,unclassified,42,1,1,42,Mars (42),Manston (1); Warminster (1); Gillingham (1); Sherborne (1); Yeadon (1),Other / Unknown (20); West Yorkshire (18); South Yorkshire (4),Veterinary Digital Solutions Manager
2026-06,veterinary practice relationship manager - royal canin,sales,37,1,1,37,Mars (37),Cullompton (1); Honiton (1); Willand (1); Colyton (1); Axminster (1),Other / Unknown (37),Veterinary Practice Relationship Manager - Royal Canin
2026-06,veterinary commercial manager - royal canin,sales,37,1,1,37,Mars (37),Willand (1); Axminster (1); Cullompton (1); England (1); Tiverton (1),Other / Unknown (37),Veterinary Commercial Manager - Royal Canin
2026-06,optometrist,unclassified,33,1,4,32,Specsavers (20); ASDA Opticians (6); Vision Express (6); Costco (1),Swansea (2); Havant (1); Blackwood (1); Farnborough (1); Nottingham (1),Other / Unknown (32); North East (1),Optometrist; Part time Optometrist
2026-06,retail optical assistant,customer_service,32,1,1,29,Vision Express (32),Portsmouth (2); Swansea (2); Haywards Heath (2); Berkhamsted (1); King's Lynn (1),Other / Unknown (26); Cumbria (2); North East (2); West Yorkshire (1); Greater Manchester (1),Retail Optical Assistant
2026-06,complex care assistant,care_assistant,31,1,3,31,Routes Healthcare (North) (20); Superior Healthcare (10); COUNTY CARERS LIMITED (1),Chesterfield (1); Preston (1); Hyde (1); Saltburn-by-the-sea (1); Lytham St. Annes (1),Other / Unknown (18); North East (5); Lancashire (4); Greater Manchester (2); West Yorkshire (1),Complex Care Assistant; Complex care assistant
2026-06,support worker,support_worker,30,1,16,29,HFT (10); Turning Point (4); Castle View Group - Care (2); Mencap (2); HCAPS GROUP LIMITED (1),Peterborough (2); Aberystwyth (1); Eastbourne (1); Shipston-on-stour (1); Kingston Upon Thames (1),Other / Unknown (27); North East (2); Cumbria (1),Support Worker; Support Worker Days
2026-06,administrator,administrator_general,25,1,21,24,Reed (4); Office Angels (2); Hays Specialist Recruitment Limited (1); Si Recruitment (1); New Appointments Group (1),Edinburgh (2); Watford (1); Bedale (1); Canterbury (1); Teddington (1),Other / Unknown (22); North East (1); West Yorkshire (1); Lancashire (1),Administrator; Administrator - Part Time - Immediate Start
2026-06,childrens home registered manager,unclassified,22,1,11,17,Compass Community (10); Oxford Natural Healthcare Professionals (2); Madiba Limited (2); Job Board Direct (1); Amnis Education (1),Swindon (2); Hassocks (2); Loughborough (2); Nottingham (2); Devizes (2),Other / Unknown (19); West Yorkshire (2); Greater Manchester (1),Childrens Home Registered Manager
2026-06,optical assistant,unclassified,20,1,2,20,Specsavers (19); ASDA Opticians (1),Cirencester (1); Fakenham (1); Rochdale (1); Swansea (1); Winsford (1),Other / Unknown (17); Greater Manchester (1); North East (1); Cumbria (1),Optical Assistant
2026-06,hygiene operative,unclassified,18,1,12,16,Pilgrims Europe (4); Staffline Operations (3); The Butchers Recruiter (2); Taskmaster Resources Limited (1); Quest Employment (1),Bristol (3); Darlington (1); Musselburgh (1); Barnsley (1); Brackley (1),Other / Unknown (16); North East (1); South Yorkshire (1),Hygiene Operative Days & Nights; Hygiene Operative; Hygiene Operative - Day Shift; Hygiene Operative - Nights; Hygiene Operative - Night shift
2026-06,functional assessor,unclassified,17,1,3,15,GAIA RECRUITMENT LIMITED (8); Maven Consulting Group Ltd (6); Ingeus (3),Not Specified (2); Sheffield (2); Nottingham (1); Bristol (1); Bishop Auckland (1),Other / Unknown (14); South Yorkshire (2); North East (1),Functional Assessor; Functional Assessor Remote; Functional Assessor - Remote
2026-06,health social care assessor,unclassified,17,1,2,17,t2 group (16); Oakmoor Recruitment (1),Coventry (1); Cornwall (1); Crawley (1); Portsmouth (1); Nottingham (1),Other / Unknown (16); North East (1),Health & Social Care Assessor
2026-06,wca nurse,unclassified,14,1,1,14,Maximus (14),Bridgend (1); Birmingham (1); Hereford (1); Worcester (1); Shrewsbury (1),Other / Unknown (13); West Yorkshire (1),WCA NURSE HYBRID; WCA Nurse
2026-06,registered manager- young people,unclassified,13,1,1,13,SCR Recruitment Services (13),Lancaster (1); Manchester (1); Warwickshire (1); Cumbria (1); Durham (1),Other / Unknown (9); Lancashire (2); Greater Manchester (1); North East (1),Registered Manager- Young People
2026-06,dispensing optician,unclassified,12,1,1,12,Specsavers (12),Corby (1); Grantham (1); Nuneaton (1); Swadlincote (1); Daventry (1),Other / Unknown (11); Lancashire (1),Dispensing Optician
2026-06,british sign language bsl interpreter - work from home,unclassified,12,1,1,12,Teleperformance (12),Not Specified (1); Cardiff (1); Manchester (1); Liverpool (1); Leeds (1),Other / Unknown (8); North East (2); Greater Manchester (1); West Yorkshire (1),British Sign Language (BSL) Interpreter - Work from home
2026-06,ifa administrator,administrator_general,11,1,5,11,Capio Recruitment Financial Planning (4); NJR Recruitment (3); Blakemore Recruitment (2); JohnstonGreer (1); The Coast Partnership Ltd (1),Harrogate (1); Sheffield (1); Wetherby (1); Aberdeen (1); Colchester (1),Other / Unknown (7); South Yorkshire (1); West Yorkshire (1); Lancashire (1); Greater Manchester (1),IFA Administrator
2026-06,deputy manager childrens home,unclassified,11,1,8,9,Hargate Healthcare Ltd (3); HR Careers & Nationwide Recruitment Service Ltd (2); Para Group (1); Peters Dean Care Ltd (1); Derbyshire County Council (1),Peterborough (2); Westbury (2); Manchester (1); Worthing (1); Chesterfield (1),Other / Unknown (9); Greater Manchester (1); Lancashire (1),Deputy Manager Childrens Home
2026-06,trainee medical technician - no experience required,unclassified,11,1,1,11,Army (11),Southampton (1); Cardiff (1); Glasgow (1); London (1); Bristol (1),Other / Unknown (8); South Yorkshire (1); West Yorkshire (1); Greater Manchester (1),Trainee Medical Technician - no experience required
2026-06,female support worker,support_worker,10,1,5,10,HFT (5); Independent Living Solutions Ltd (2); SeeAbility (1); SCR Recruitment Services (1); Candidate Source (1),Eaton Ford (1); New Malden (1); North Shields (1); Whitley Bay (1); Bidford-on-avon (1),Other / Unknown (7); North East (2); Cumbria (1),Female Support Worker
2026-06,occupational therapist,unclassified,10,1,7,10,Witherslack Group (3); Randstad Care (2); Herts Ability (1); Reed (1); Exemplar Health Care (1),Bridgend (1); Aberaeron (1); Welwyn Garden City (1); Gloucester (1); Preston (1),Other / Unknown (9); Lancashire (1),Occupational Therapist
2026-06,childrens residential support worker,support_worker,10,1,3,10,A Wilderness Way Ltd (5); SCR Recruitment Services (4); Peters Dean Care Ltd (1),Appleby-in-westmorland (1); Worthing (1); Maryport (1); Kirkby Stephen (1); Brampton (1),Other / Unknown (5); Cumbria (4); Lancashire (1),Childrens Residential Support Worker
2026-06,nurse unit manager,unclassified,9,1,1,9,Exemplar Health Care (9),Rotherham (1); Mexborough (1); Newcastle Upon Tyne (1); Bishop Auckland (1); Preston (1),Other / Unknown (3); South Yorkshire (2); North East (2); Lancashire (2),Nurse Unit Manager; Nurse Unit Manager - Days
2026-06,sales administrator,administrator_general,9,1,6,9,Reed (4); Command Recruitment (1); Dynamite Recruitment Solutions Ltd (1); Equals One (1); Casanovas Recruitment Solutions (1),Newbury (1); Gosport (1); Colchester (1); Glasgow (1); Sudbury (1),Other / Unknown (9),Sales Administrator; Sales Administrator (Temporary)
2026-06,registered nurse,unclassified,9,1,6,9,Maria Mallaband Care Group (3); Pin Point Recruitment (2); Excelcare Holdings (1); Exemplar Health Care (1); Career Makers (1),London (1); Sheffield (1); Dawlish (1); Sleaford (1); Ottery St. Mary (1),Other / Unknown (8); South Yorkshire (1),Registered Nurse; Registered Nurse - Days
2026-06,aug wca nurse,unclassified,9,1,1,9,Maximus (9),Wrexham (1); Leicester (1); Blackwood (1); Mansfield (1); Coventry (1),Other / Unknown (9),AUG WCA NURSE HYBRID
2026-06,optical assistant apprentice,customer_service,9,1,1,9,Specsavers (9),Northampton (1); Woking (1); Fakenham (1); Harrow (1); Oswestry (1),Other / Unknown (8); West Yorkshire (1),Optical Assistant Apprentice; Optical Assistant Apprentice-
2026-06,pharmacy manager,unclassified,9,1,2,8,Ramsay Health Care (8); Superdrug (1),Sawbridgeworth (2); Castleford (1); Takeley (1); Broxbourne (1); St. Albans (1),Other / Unknown (8); West Yorkshire (1),Pharmacy Manager
2026-06,senior support worker,support_worker,9,1,7,9,Hilton Community Services Ltd (2); Peters Dean Care Ltd (2); The Meath Epilepsy Charity (1); SeeAbility (1); Creative Support (1),Godalming (1); Wellington (1); Newbury (1); Milton Keynes (1); Brentwood (1),Other / Unknown (9),Senior Support Worker
2026-06,clinical lead,unclassified,8,1,6,8,Cura recruitment Limited (3); Maria Mallaband Care Group (1); Colten Care Limited (1); COUNTY CARERS LIMITED (1); Care UK (1),Ossett (1); Congleton (1); Lymington (1); Crowthorne (1); Olney (1),Other / Unknown (7); West Yorkshire (1),Clinical Lead
2026-06,clinical assessor,unclassified,8,1,1,8,Donard Recruitment Ltd (8),Nottingham (1); Wolverhampton (1); Leicester (1); Birmingham (1); Halesowen (1),Other / Unknown (8),Clinical Assessor
2026-06,beauty therapist,unclassified,8,1,4,8,Superdrug (5); The Beauty Mill Treatment Rooms (1); Sirisha s Health and Beaut yltd (1); Esthetique Head Spa (1),Edinburgh (1); Bedford (1); Wigan (1); Kilmarnock (1); Swansea (1),Other / Unknown (7); Greater Manchester (1),Beauty Therapist
2026-06,chemotherapy nurse,unclassified,8,1,2,8,Leaders In Care Recruitment Ltd (6); Pertemps Medical (2),Exeter (1); Dereham (1); York (1); Glasgow (1); Nottingham (1),Other / Unknown (7); North East (1),Chemotherapy Nurse
2026-06,pharmacy dispenser,unclassified,8,1,3,8,Phoenix Medical Supplies (6); Evolve Selection Ltd (1); Flat Fee Recruiter (1),Salford (1); Tarporley (1); Buckinghamshire (1); Bognor Regis (1); Shrewsbury (1),Other / Unknown (7); Greater Manchester (1),Pharmacy Dispenser
2026-06,health social care assessor- nationwide locations,unclassified,7,1,1,7,Any Other Business Solutions Limited (7),Cornwall (1); Sussex (1); Lancashire (1); Cambridgeshire (1); Devon (1),Other / Unknown (6); North East (1),Health & Social Care Assessor- Nationwide locations
2026-06,social worker,unclassified,7,1,3,7,Charles Hunter Associates (5); Sanctuary Personnel (1); Danluker Ltd (1),North (1); Midlands (1); Lincolnshire (1); London (1); Richmond (1),Other / Unknown (7),Social Worker
2026-06,nurse assessor,unclassified,7,1,2,7,GAIA RECRUITMENT LIMITED (6); Capita Shared Services Limited (1),Milton Keynes (1); Weymouth (1); Cardiff (1); Gloucester (1); Aylesbury (1),Other / Unknown (7),Nurse Assessor
2026-06,occupational health advisor,unclassified,7,1,5,7,Gel Resourcing Ltd (2); St Andrew's Healthcare (2); Thames Water (1); Peel Ports Group (1); Recruiting Heads Ltd (1),Wells (1); Hull (1); Reading (1); Wickford (1); Northampton (1),Other / Unknown (7),Occupational Health Advisor; Occupational Health Advisor - Part Time
2026-06,hr administrator,administrator_general,7,1,6,7,Huntress (2); Hays Specialist Recruitment Limited (1); SF Partners (1); EA FIRST LTD (1); JOB SWITCH LTD (1),Huddersfield (1); Derbyshire (1); Chatham (1); Cambridge (1); London (1),Other / Unknown (6); West Yorkshire (1),Temporary HR Administrator; HR Administrator
2026-06,senior care assistant,care_assistant,7,1,3,6,Care UK (4); Maria Mallaband Care Group (2); Avon Search & Selection Ltd (1),Banwell (2); Chard (1); Windlesham (1); Cranleigh (1); Hornsea (1),Other / Unknown (7),Senior Care Assistant; Senior Care Assistant Days; Senior Care Assistant Nights
2026-06,operations administrator,administrator_general,7,1,7,6,Reed (1); RE Recruitment (1); Focus Search and Selection (1); Eden Rose (1); Clearline Recruitment Ltd (1),Bury St. Edmunds (2); Aberdeen (1); Gloucester (1); Motherwell (1); Wokingham (1),Other / Unknown (4); Greater Manchester (2); South Yorkshire (1),Operations Administrator; Contract Operations Administrator
2026-06,field care supervisor,care_assistant,7,1,6,6,Care Outlook Ltd (2); Goldsmithpersonnel Ltd (1); Altogether Care LLP (1); Deben Willow Care Limited (1); YES Care Services (1),London (2); Chipping Norton (1); Weymouth (1); Oxford (1); Ipswich (1),Other / Unknown (7),Field Care Supervisor
2026-06,supervising social worker,unclassified,6,1,4,6,Charles Hunter Associates (3); Leaders In Care (1); Compass Community (1); Orange Grove (1),Yorkshire (1); Nottinghamshire (1); Ivybridge (1); Norfolk (1); Cirencester (1),Other / Unknown (5); West Yorkshire (1),Supervising Social Worker
2026-06,dispensing optician manager,unclassified,6,1,2,6,ASDA Opticians (5); Specsavers (1),London (1); Wembley (1); Taunton (1); Not Specified (1); Hitchin (1),Other / Unknown (5); North East (1),Dispensing Optician Manager
2026-06,customer service administrator,service_administrator,6,1,6,6,RD Financial Recruitment (1); Unity Resourcing (1); ORP Recruitment (1); CMD Recruitment (1); Adecco (1),Staines (1); Wetherby (1); Beckenham (1); Corsham (1); Havant (1),Other / Unknown (4); West Yorkshire (2),Customer Service Administrator
2026-06,111 clinical advisor - homeworking,unclassified,6,1,1,4,Connaught Resourcing (6),London (2); Rotherham (2); Newcastle Upon Tyne (1); Derbyshire (1),Other / Unknown (3); South Yorkshire (2); North East (1),111 Clinical Advisor - Homeworking
2026-06,receptionist,unclassified,6,1,6,6,Wise May Ltd (1); Michael Page Finance (1); Hays Specialist Recruitment Limited (1); Reed (1); Ascend Learning Trust (1),London (1); Southampton (1); High Wycombe (1); Belfast (1); Tidworth (1),Other / Unknown (6),Receptionist
2026-06,trainee optical assistant,customer_service,6,1,1,6,Specsavers (6),Lutterworth (1); Leighton Buzzard (1); Andover (1); Cheltenham (1); Mold (1),Other / Unknown (6),Trainee Optical Assistant
2026-06,casual support worker,support_worker,6,1,1,6,HFT (6),Edenbridge (1); Banbury (1); Harwell (1); Shefford (1); St. Austell (1),Other / Unknown (6),Casual Support Worker
2026-06,senior residential childrens support worker,support_worker,6,1,2,6,Peters Dean Care Ltd (3); A Wilderness Way Ltd (3),Melton Mowbray (1); Brampton (1); Carlisle (1); Kirkby Stephen (1); Peterborough (1),Other / Unknown (4); Cumbria (2),Senior Residential Childrens Support Worker
2026-06,children and young persons support worker,support_worker,6,1,2,6,Castle View Group (5); Castle View Group - Care (1),County Durham (1); Northumberland (1); Stockton-on-tees (1); Newcastle Upon Tyne (1); Gateshead (1),North East (5); Other / Unknown (1),Children and Young Persons Support Worker
2026-06,aspiring educational psychologist,teaching_assistant,6,1,2,6,Academics (5); Ribbons and Reeves Limited (1),Salisbury (1); Bexley (1); Woking (1); Bicester (1); Worthing (1),Other / Unknown (6),Aspiring Educational Psychologist
2026-06,care team leader,unclassified,6,1,3,6,Crystal Care Group South West (3); Royal Masonic Benevolent Institution (2); Lowry Recruitment Ltd (1),Hindhead (1); Taunton (1); Braintree (1); Yeovil (1); Chester (1),Other / Unknown (6),Care Team Leader
2026-06,residential childcare support worker sessional/casual,support_worker,6,1,3,6,Headway (3); Bay View Childcare (2); Area Camden (1),Axbridge (1); Morecambe (1); Highbridge (1); Carnforth (1); Haverhill (1),Other / Unknown (4); Lancashire (2),Residential Childcare Support Worker (Sessional/Casual)
2026-06,registered manager childrens home,unclassified,5,1,3,5,Candidate Source (3); Peters Dean Care Ltd (1); AWD Online (1),West Midlands (1); Wokingham (1); Hastings (1); Loughborough (1); Swindon (1),Other / Unknown (5),Registered Manager Childrens Home
2026-06,nhs 111 pathways trained clinical advisor,unclassified,5,1,1,5,Connaught Resourcing (5),Newcastle Upon Tyne (1); Croydon (1); Staffordshire (1); Derby (1); Kent (1),Other / Unknown (4); North East (1),NHS 111 Pathways Trained Clinical Advisor - Remote
2026-06,finance administrator,administrator_general,5,1,4,5,Reed (2); Right Pear (1); ENB Recruitment and Training Limited (1); Michael Page Finance (1),Malmesbury (1); Newbury (1); Corby (1); Berkshire (1); Didcot (1),Other / Unknown (5),Finance Administrator; Finance Administrator - Part Time
2026-06,financial planning administrator,scheduler_planner,5,1,4,5,Grove Talent Solutions (2); Exchange Street Claims & Financial Services (1); Eden Rose (1); Artemis Recruitment Consultants Ltd (1),Wetherby (1); Grimsby (1); Rotherham (1); Sussex (1); Reading (1),Other / Unknown (3); West Yorkshire (1); South Yorkshire (1),Financial Planning Administrator
2026-06,executive assistant,unclassified,5,1,5,4,Venta Global (1); Reed (1); University of the Built Environment (1); Candidate Source - TEAM (1); TEAM (1),Bangor (2); Hook (1); Manchester (1); Reading (1),Other / Unknown (4); Greater Manchester (1),Executive Assistant
2026-06,care assistant,care_assistant,5,1,3,4,Beaumond House Hospice Care (3); Hampshire County Council (1); Care UK (1),Nottingham (2); Mansfield (1); Alton (1); Stowmarket (1),Other / Unknown (5),Care Assistant; Care assistant nights
2026-06,speech and language therapist,unclassified,5,1,4,5,Reed (2); Ribbons and Reeves Limited (1); Greys Specialist Recruitment (1); Outcomes First Group (1),Hounslow (1); Braintree (1); Moreton-in-marsh (1); Brandon (1); Oakham (1),Other / Unknown (5),Speech and Language Therapist
2026-06,senior support worker- young people,support_worker,5,1,1,5,SCR Recruitment Services (5),Cumbria (1); Cheshire (1); Durham (1); Tyne And Wear (1); Not Specified (1),Other / Unknown (4); North East (1),Senior Support Worker- Young People
2026-06,clinical deputy manager,unclassified,5,1,4,5,Career Makers (2); Cura recruitment Limited (1); Leaders In Care Recruitment Ltd (1); Grace James Recruitment (1),Merseyside (1); Holt (1); Bristol (1); Leicester (1); Southport (1),Other / Unknown (5),Clinical Deputy Manager
2026-06,residential childcare support worker,support_worker,5,1,3,5,Apple Orchard (3); Budwood (1); Peters Dean Care Ltd (1),Guildford (1); Southampton (1); Crawley (1); Aldershot (1); Horsham (1),Other / Unknown (5),Residential Childcare Support Worker
2026-06,vehicle technician,unclassified,5,1,1,4,Listers (5),Solihull (2); Banbury (1); Worcester (1); Hereford (1),Other / Unknown (5),Vehicle Technician
2026-06,registered care home manager,unclassified,5,1,4,5,Grace James Recruitment (2); Exemplar Health Care (1); Cityworx Ltd (1); Borough Care (1),Newcastle Upon Tyne (1); Castleford (1); Cambridge (1); Cheadle (1); Huddersfield (1),West Yorkshire (2); North East (1); Other / Unknown (1); Greater Manchester (1),Registered Care Home Manager
2026-06,team leader,unclassified,5,1,2,5,The Richmond Fellowship Scotland (4); SCR Recruitment Services (1),Lossiemouth (1); Derby (1); Glenrothes (1); Inverness (1); Leven (1),Other / Unknown (5),Team Leader
2026-06,registered manager - childrens home,unclassified,5,1,5,5,StartMonday (1); Portman Recruitment Ltd (1); Nocturnal Recruitment Solutions Ltd (1); Templewood Recruitment (1); Amnis Education (1),Gravesend (1); Stafford (1); Wednesbury (1); London (1); Whitchurch (1),Other / Unknown (5),Registered Manager - Childrens Home
2026-06,veterinary business manager - royal canin,sales,5,1,1,5,Mars (5),Castle Cary (1); Taunton (1); Dundee (1); Edinburgh (1); Somerset (1),Other / Unknown (5),Veterinary Business Manager - Royal Canin
2026-06,children s support worker,support_worker,4,1,2,4,Active Care Group (3); Leaders In Care (1),Jersey (1); Alton (1); Maidenhead (1); Hook (1),Other / Unknown (4),Children's Support Worker; Children's Support Worker- Nights
2026-06,office administrator,administrator_general,4,1,4,4,Clearwater People Solutions Ltd (1); Berry Recruitment (1); Pontoon (1); Office Angels (1),Erith (1); Norfolk (1); Plymouth (1); Wokingham (1),Other / Unknown (4),Office Administrator
2026-06,healthcare assistant/ support worker,support_worker,4,1,1,4,PROXYCARE LIMITED (4),Milton Keynes (1); Northampton (1); Stowmarket (1); Bury St. Edmunds (1),Other / Unknown (3); Greater Manchester (1),Healthcare assistant/ Support Worker; Healthcare assistant/ Support worker; Healthcare Assistant/ Support worker
2026-06,senior administrator,administrator_general,4,1,4,4,Tirebuck Recruitment (1); Hiring People (1); Adecco (1); RSPB (1),Coventry (1); Shepton Mallet (1); Birmingham (1); Oswestry (1),Other / Unknown (4),Senior Administrator
2026-06,contact lens optician,unclassified,4,1,1,4,Specsavers (4),Leamington Spa (1); Kettering (1); Plymouth (1); Basingstoke (1),Other / Unknown (4),Contact Lens Optician
2026-06,lab technician,unclassified,4,1,4,4,Specsavers (1); ReeVR (1); Thrive Group (1); Pertemps Dudley West Brom Perms (1),Rushden (1); Rowland's Castle (1); Trowbridge (1); Not Specified (1),Other / Unknown (4),Lab Technician
2026-06,audiologist/hearing aid dispenser,customer_service,4,1,1,4,Specsavers (4),Dunfermline (1); Haywards Heath (1); Liverpool (1); Oban (1),Other / Unknown (4),Audiologist/Hearing Aid Dispenser
2026-06,pip nurse assessor,unclassified,4,1,1,4,Maximus (4),Bradford (1); St. Helens (1); Doncaster (1); Liverpool (1),Other / Unknown (2); West Yorkshire (1); South Yorkshire (1),PIP Nurse Assessor - Hybrid; PIP Nurse Assessor Hybrid
2026-06,home manager,unclassified,4,1,4,4,Find Medical (1); Lowry Recruitment Ltd (1); Care UK (1); Leaders In Care Recruitment Ltd (1),Southampton (1); Kettering (1); Richmond (1); York (1),Other / Unknown (4),Home Manager
2026-06,service administrator,service_administrator,4,1,4,4,Reed (1); Rise Technical Recruitment Limited (1); Coalesce Recruitment Limited (1); WR HVACR (1),Dewsbury (1); Immingham (1); Bristol (1); Street (1),Other / Unknown (3); West Yorkshire (1),Service Administrator
2026-06,team leader care,unclassified,4,1,2,4,Care UK (2); EMED Group (2),Blaydon-on-tyne (1); Gateshead (1); Cambridge (1); Gloucester (1),North East (2); Other / Unknown (2),Team Leader Care Nights; Team Leader Care
2026-06,health care assistant,healthcare_assistant,4,1,1,4,Exemplar Health Care (4),Liverpool (1); Castleford (1); Warrington (1); Burnley (1),Other / Unknown (2); West Yorkshire (1); Lancashire (1),Nights Health Care Assistant
2026-06,respiratory nurse advisor,unclassified,4,1,2,3,Connaught Resourcing (3); Evolve Selection Ltd (1),Taunton (2); Glasgow (1); Edinburgh (1),Other / Unknown (4),Respiratory Nurse Advisor
2026-06,care coordinator,care_coordinator,4,1,3,4,Complex Care Professionals Limited (2); Springfield Healthcare (1); Prestige Nursing (1),Newcastle Upon Tyne (1); Manchester (1); Burnley (1); Blackburn (1),Lancashire (2); North East (1); Greater Manchester (1),Care Coordinator
2026-06,trainee dental nurse,unclassified,4,1,1,4,NLDC LTD (4),London (1); Sidcup (1); Manchester (1); Dorking (1),Other / Unknown (3); Greater Manchester (1),Trainee Dental Nurse
2026-06,clinical advisor,unclassified,4,1,2,3,Medstrom (3); The Phoenix Partnership (1),London (2); Leeds (1); Leicester (1),Other / Unknown (3); West Yorkshire (1),Clinical Advisor
2026-06,ward manager,unclassified,4,1,2,2,Leaders In Care Recruitment Ltd (2); Ramsay Health Care (2),Nottingham (3); London (1),Other / Unknown (4),Ward Manager
2026-06,psychologist,unclassified,4,1,2,4,Witherslack Group (3); Job Board Direct (1),Bath (1); Westbury (1); Bristol (1); Nuneaton (1),Other / Unknown (4),Psychologist
2026-06,community nurse,unclassified,3,1,1,3,Leaders In Care Recruitment Ltd (3),Truro (1); Brighton (1); Exeter (1),Other / Unknown (3),Community Nurse
2026-06,independent prescriber,unclassified,3,1,2,3,MENTUS RECRUITMENT LTD (2); Waythrough (1),Newcastle Upon Tyne (1); London (1); Manchester (1),North East (1); Other / Unknown (1); Greater Manchester (1),Independent Prescriber
2026-06,business administrator,administrator_general,3,1,3,2,Hays Specialist Recruitment Limited (1); Certain Advantage (1); Get Staffed Online Recruitment Limited (1),Chesterfield (2); Edinburgh (1),Other / Unknown (3),Business Administrator - Temporary; Business Administrator
2026-06,job in,unclassified,3,1,1,3,Inspired Recruitment Group (3),Chelmsford (1); Beaconsfield (1); Milton Keynes (1),Other / Unknown (3),job in
2026-06,residential support worker,support_worker,3,1,3,3,Randstad Care (1); Compass Community (1); Anima Residential Care Limited (1),Wigton (1); Ipswich (1); Erith (1),Other / Unknown (2); Cumbria (1),Residential support worker; Residential Support Worker
2026-06,pharmacist,unclassified,3,1,3,3,Superdrug (1); GAIA RECRUITMENT LIMITED (1); Phoenix Medical Supplies (1),Glenrothes (1); Not Specified (1); Salford (1),Other / Unknown (2); Greater Manchester (1),Pharmacist
2026-06,office manager,unclassified,3,1,3,2,LJ Recruitment (1); Lucy Walker Recruitment Ltd (1); Reed (1),Leeds (2); Colchester (1),West Yorkshire (2); Other / Unknown (1),Office Manager
2026-06,clinical nurse advisor,unclassified,3,1,2,3,Inizio (2); Superdrug (1),Newcastle Upon Tyne (1); Edinburgh (1); Leeds (1),North East (1); Other / Unknown (1); West Yorkshire (1),Clinical Nurse Advisor
2026-06,accounts administrator,administrator_general,3,1,3,3,Reed (1); Trident (1); Lovell (1),West Drayton (1); Brighton (1); Tamworth (1),Other / Unknown (3),Accounts Administrator
2026-06,pip nurse,unclassified,3,1,1,3,Maximus (3),Crewe (1); Manchester (1); Barnsley (1),Other / Unknown (1); Greater Manchester (1); South Yorkshire (1),PIP NURSE HYBRID
2026-06,child consultant psychiatrist,unclassified,3,1,1,3,Reed (3),Leeds (1); Bristol (1); London (1),Other / Unknown (2); West Yorkshire (1),Child Consultant Psychiatrist
2026-06,human factors engineer,unclassified,3,1,2,2,Morson Edge (2); Certain Advantage (1),Bristol (2); Christchurch (1),Other / Unknown (3),HUMAN FACTORS ENGINEER; Human Factors Engineer
2026-06,community support worker,support_worker,3,1,2,3,Hilton Community Services Ltd (2); HFT (1),Evesham (1); Swaffham (1); Attleborough (1),Other / Unknown (3),Community Support Worker
2026-06,occupational health nurse,unclassified,3,1,3,3,Greys Specialist Recruitment (1); Alpla (1); Vectis Recruitment Limited (1),Barrow-in-furness (1); Warrington (1); Leicester (1),Other / Unknown (2); Cumbria (1),Occupational Health Nurse
2026-06,housing officer,unclassified,3,1,3,3,DCV Technologies Limited (1); Reed Specialist Recruitment Ltd (1); Sellick Partnership (1),Winchester (1); Gloucestershire (1); Burton-on-trent (1),Other / Unknown (3),Housing Officer
2026-06,family practitioner,support_worker,3,1,1,3,Family Assessment (3),Barnsley (1); Manchester (1); Sheffield (1),South Yorkshire (2); Greater Manchester (1),Family Practitioner
2026-06,childrens home deputy manager,support_worker,3,1,2,3,Peters Dean Care Ltd (2); Oxford Natural Healthcare Professionals (1),Peterborough (1); Croydon (1); St. Albans (1),Other / Unknown (3),Childrens Home Deputy Manager
2026-06,registered service manager,support_worker,3,1,1,3,Creative Support (3),Dudley (1); Blackpool (1); Oxford (1),Other / Unknown (2); Lancashire (1),Registered Service Manager
2026-06,clinical practitioner,unclassified,3,1,2,3,MSI REPRODUCTIVE CHOICES (2); Birmingham Children's Trust (1),Rotherham (1); Birmingham (1); Bristol (1),Other / Unknown (2); South Yorkshire (1),Clinical Practitioner
2026-06,nurse examiner,unclassified,3,1,1,3,Vitality Corporate Services Limited (3),Bedford (1); Isleworth (1); Guildford (1),Other / Unknown (3),Nurse Examiner
2026-06,adult nurse manager,unclassified,3,1,1,3,Leaders In Care Recruitment Ltd (3),Wembley (1); London (1); Basingstoke (1),Other / Unknown (3),Adult Nurse Manager
2026-06,housing manager,unclassified,3,1,3,3,Lynx Employment Services Ltd (1); Home Group Limited (1); Niyaa People Ltd (1),Huddersfield (1); Kendal (1); Bristol (1),West Yorkshire (1); Cumbria (1); Other / Unknown (1),Housing Manager
2026-06,registered manager- childrens residential,unclassified,3,1,1,3,A Wilderness Way Ltd (3),Carlisle (1); Penrith (1); Prudhoe (1),Cumbria (2); North East (1),Registered Manager- Childrens Residential
2026-06,care home manager,unclassified,3,1,3,3,Suppleo Recruitment Ltd (1); Leaders In Care Recruitment Ltd (1); Medicare Recruitment Specialists Limited (1),Swansea (1); Sheffield (1); Peterborough (1),Other / Unknown (2); South Yorkshire (1),Care Home Manager
2026-06,educational psychologist,unclassified,3,1,2,3,Leaders In Care Recruitment Ltd (2); Wiltshire Council (1),Wiltshire (1); Canterbury (1); Manchester (1),Other / Unknown (2); Greater Manchester (1),Educational Psychologist
2026-06,housing ombudsman specialist,unclassified,3,1,1,3,Hireful (3),Stockton-on-tees (1); Peterborough (1); Bradford (1),North East (1); Other / Unknown (1); West Yorkshire (1),Temp Housing Ombudsman Specialist
2026-06,scheme manager,unclassified,3,1,3,3,Hamilton Woods (1); Orange Cat Recruitment (1); Honeycomb Group (1),Leeds (1); Richmond (1); Stoke-on-trent (1),Other / Unknown (2); West Yorkshire (1),Scheme Manager
2026-06,occupational health nurse advisor,unclassified,3,1,1,3,Ecruit (3),Peterborough (1); Craigavon (1); Newcastle Upon Tyne (1),Other / Unknown (2); North East (1),Occupational Health Nurse Advisor
2026-06,night care supervisor,unclassified,3,1,1,3,Signature Senior Lifestyle Operations Ltd (3),Weybridge (1); Ascot (1); Surbiton (1),Other / Unknown (3),Night Care Supervisor
2026-06,operational trainer - healthcare,unclassified,3,1,1,3,Crooton Ltd (3),Penrith (1); Durham (1); Gateshead (1),North East (2); Cumbria (1),Operational Trainer - Healthcare
2026-06,senior children s residential support worker,support_worker,3,1,1,3,Witherslack Group (3),Carnforth (1); Hartlepool (1); Crook (1),North East (2); Lancashire (1),Senior Children's Residential Support Worker
2026-06,social care team facilitator,unclassified,2,1,1,2,Enable Scotland (2),Lochgilphead (1); Motherwell (1),Other / Unknown (2),Social Care Team Facilitator
2026-06,clinical nurse manager,unclassified,2,1,1,2,Exemplar Health Care (2),Manchester (1); Sheffield (1),Greater Manchester (1); South Yorkshire (1),Clinical Nurse Manager
2026-06,camhs consultant adhd,unclassified,2,1,1,2,Leaders In Care Recruitment Ltd (2),Manchester (1); London (1),Greater Manchester (1); Other / Unknown (1),CAMHS Consultant ADHD
2026-06,beauty consultant,sales,2,1,1,2,Zachary Daniels (2),Edinburgh (1); Glasgow (1),Other / Unknown (2),Beauty Consultant
2026-06,senior social worker - safeguarding,unclassified,2,1,2,2,Leaders In Care (1); Leaders In Care Recruitment Ltd (1),Swindon (1); Southampton (1),Other / Unknown (2),Senior Social Worker - Safeguarding
2026-06,social worker - safeguarding,unclassified,2,1,2,2,Leaders In Care (1); Leaders In Care Recruitment Ltd (1),South East (1); Peterborough (1),Other / Unknown (2),Social Worker - Safeguarding
2026-06,paediatric nurse,unclassified,2,1,1,2,Medgen Ltd (2),London (1); Cardiff (1),Other / Unknown (2),Paediatric Nurse
2026-06,physiotherapist,unclassified,2,1,2,2,Talent Finder (1); Sanctuary (1),Ringwood (1); Leeds (1),Other / Unknown (1); West Yorkshire (1),Physiotherapist
2026-06,legal administrator,administrator_general,2,1,2,2,Career Legal (1); TSR Legal - South West (1),London (1); Taunton (1),Other / Unknown (2),Legal Administrator
2026-06,assistant office manager,unclassified,2,1,2,2,Uxbridge Employment Agency (1); RG Consultancy Ltd (1),Northolt (1); Preston (1),Other / Unknown (1); Lancashire (1),Assistant Office Manager
2026-06,pre-reg 2026,unclassified,2,1,1,1,Vision Express (2),Gillingham (2),Other / Unknown (2),Pre-reg 2026
2026-06,senior supervising social worker,unclassified,2,1,2,2,Charles Hunter Associates (1); TACT (The Adolescent & Childrens Trust) (1),Somerset (1); Blyth (1),Other / Unknown (1); North East (1),Senior Supervising Social Worker
2026-06,supply chain administrator,administrator_general,2,1,2,2,Hays Specialist Recruitment Limited (1); Reed (1),Bishopton (1); Birmingham (1),Other / Unknown (2),Supply Chain Administrator
2026-06,commercial administrator,administrator_general,2,1,2,2,Reed (1); Elevation Recruitment Group (1),Plymouth (1); Rotherham (1),Other / Unknown (1); South Yorkshire (1),Commercial Administrator
2026-06,trainee occupational health technician,healthcare_assistant,2,1,1,2,Gel Resourcing Ltd (2),South East (1); Cambridge (1),Other / Unknown (2),Trainee Occupational Health Technician
2026-06,mental healthcare assistant,healthcare_assistant,2,1,1,2,Medgen Ltd (2),Bournemouth (1); Manchester (1),Other / Unknown (1); Greater Manchester (1),Mental Healthcare Assistant
2026-06,healthcare assistant,healthcare_assistant,2,1,2,2,PROXYCARE LIMITED (1); Birchstone Care (1),Bury (1); Barnet (1),Greater Manchester (1); Other / Unknown (1),Healthcare Assistant; Nights Healthcare Assistant
2026-06,personal assistant,unclassified,2,1,2,2,Reed (1); Rachel Clark Legal Recruitment (1),Cardiff (1); Leeds (1),Other / Unknown (1); West Yorkshire (1),Personal Assistant; PERSONAL ASSISTANT
2026-06,clinical negligence solicitor,unclassified,2,1,2,2,eNL Legal Recruitment (1); G2 Legal Limited (1),Sudbury (1); Birmingham (1),Other / Unknown (2),Clinical Negligence Solicitor
2026-06,project administrator,administrator_general,2,1,2,2,Anderson Recruitment Ltd (1); Reed (1),Stroud (1); Potters Bar (1),Other / Unknown (2),Project Administrator
2026-06,team manager - db pensions,administrator_general,2,1,1,2,CCA Recruitment Group (2),Birmingham (1); South Croydon (1),Other / Unknown (2),Team Manager - DB Pensions
2026-06,warehouse administrator,administrator_general,2,1,2,2,Reed (1); JSL Solutions Ltd (1),Wokingham (1); Barnsley (1),Other / Unknown (1); South Yorkshire (1),Warehouse Administrator
2026-06,registered general nurse,unclassified,2,1,2,2,Cygnet Healthcare (1); Care UK (1),Sheffield (1); Weymouth (1),South Yorkshire (1); Other / Unknown (1),Registered General Nurse
2026-06,pip- registered nurse,unclassified,2,1,1,2,Maximus (2),Hartlepool (1); Grimsby (1),North East (1); Other / Unknown (1),PIP- REGISTERED NURSE HYBRID
2026-06,wca doctor,unclassified,2,1,1,2,Maximus (2),Stockport (1); Stoke-on-trent (1),Greater Manchester (1); Other / Unknown (1),WCA DOCTOR HYBRID
2026-06,wca nurse assessor,unclassified,2,1,1,2,Maximus (2),Liverpool (1); Stirling (1),Other / Unknown (2),WCA Nurse Assessor - Hybrid
2026-06,audio typist,unclassified,2,1,2,2,Reed (1); CRC Recruitment Ltd (1),Norwich (1); Leamington Spa (1),Other / Unknown (2),Audio Typist
2026-06,client services administrator,administrator_general,2,1,2,2,"Hays Specialist Recruitment Limited (1); Everywhen, part of the Ardonagh Group (1)",Manchester (1); Wokingham (1),Greater Manchester (1); Other / Unknown (1),Client Services Administrator
2026-06,audi vehicle technician,unclassified,2,1,1,2,Listers (2),Stratford-upon-avon (1); Coventry (1),Other / Unknown (2),Audi Vehicle Technician
2026-06,female driver support worker,support_worker,2,1,2,2,HFT (1); Nurse Plus (1),Morpeth (1); Aldershot (1),North East (1); Other / Unknown (1),Female Driver Support Worker
2026-06,business support assistant,unclassified,2,1,2,2,"JOB SWITCH LTD (1); Everywhen, part of the Ardonagh Group (1)",Sutton-in-ashfield (1); Harrogate (1),Other / Unknown (2),Business Support Assistant
2026-06,principal planning officer,unclassified,2,1,2,2,Job Switch Ltd (1); Cotswold District Council (1),Northallerton (1); Cirencester (1),Other / Unknown (2),Principal Planning Officer
2026-06,non medical prescriber,unclassified,2,1,1,2,Hays (2),Stourbridge (1); Manchester (1),Other / Unknown (1); Greater Manchester (1),Non Medical Prescriber
2026-06,childrens residential deputy manager,unclassified,2,1,2,2,AD Recruit Limited (1); Get Staffed Online Recruitment (1),Bognor Regis (1); Milton Keynes (1),Other / Unknown (2),Childrens Residential Deputy Manager
2026-06,registered nurse rgn - care home,unclassified,2,1,1,2,Barchester Healthcare (2),Cambridge (1); Salisbury (1),Other / Unknown (2),Registered Nurse RGN - Care Home
2026-06,forensic psychologist,unclassified,2,1,1,2,Social Interest Group (2),London (1); Romford (1),Other / Unknown (2),Forensic Psychologist
2026-06,business support officer,unclassified,2,1,1,2,JOB SWITCH LTD (2),Twickenham (1); Liverpool (1),Other / Unknown (2),Business Support Officer
2026-06,principal social workers - childrens services x 2 mash intake,unclassified,2,1,1,1,Hoop Social Work (2),Cardiff (2),Other / Unknown (2),Principal Social Workers - Childrens Services x 2 MASH Intake
2026-06,support practitioner,unclassified,2,1,2,2,HFT (1); The Richmond Fellowship Scotland (1),Evesham (1); Nairn (1),Other / Unknown (2),Support Practitioner; Support Practitioner Part Time
2026-06,recruitment on-site operations coordinator,unclassified,2,1,1,2,Winner Recruitment (2),Coventry (1); Rugby (1),Other / Unknown (2),Recruitment On-Site Operations Coordinator
2026-06,mammographer,unclassified,2,1,2,2,Day Webster (1); Sanctuary (1),Haverfordwest (1); Exeter (1),Other / Unknown (2),Mammographer
2026-06,office coordinator,warehouse_logistics,2,1,2,2,Office Angels (1); BRUTON KNOWLES (1),London (1); Gloucester (1),Other / Unknown (2),Office Coordinator
2026-06,registered manager young people,unclassified,2,1,2,2,G &H CARE LIMITED (1); Job Board Direct (1),Liverpool (1); Hawick (1),Other / Unknown (2),Registered Manager Young People
2026-06,housing services manager,unclassified,2,1,2,2,NORTH DEVON DISTRICT COUNCIL (1); Cobalt Recruitment. (1),Barnstaple (1); Waterlooville (1),Other / Unknown (2),Housing Services Manager
2026-06,registered nurse rgn - bank - care home,unclassified,2,1,1,2,Barchester Healthcare (2),Alcester (1); Gerrards Cross (1),Other / Unknown (2),Registered Nurse RGN - Bank - Care Home
2026-06,veterinary surgeon,unclassified,2,1,2,2,Nurse Seekers (1); Menlo Park (1),Swansea (1); Berkshire (1),Other / Unknown (2),Veterinary Surgeon
2026-06,administration - enhanced dbs required,administrator_general,2,1,1,1,Reed (2),Bristol (2),Other / Unknown (2),Administration - enhanced DBS required
2026-06,foster carer,care_assistant,2,1,2,2,Rees Parent and Child Fostering (1); Sanctuary Personnel (1),Coventry (1); Not Specified (1),Other / Unknown (2),Foster Carer
2026-06,pharmacist prescriber,unclassified,2,1,1,2,Reed (2),Manchester (1); Liverpool (1),Greater Manchester (1); Other / Unknown (1),Remote Pharmacist Prescriber
2026-06,financial services administrator,administrator_general,2,1,2,2,Michael Page Finance (1); Capio Recruitment Financial Planning (1),Brighton (1); Stockport (1),Other / Unknown (1); Greater Manchester (1),Financial Services Administrator
2026-06,paediatric speech and language therapist,unclassified,2,1,1,2,Reed (2),Cirencester (1); Bury St. Edmunds (1),Other / Unknown (1); Greater Manchester (1),Paediatric Speech and Language Therapist
2026-06,relief support worker,support_worker,2,1,1,2,Creative Support (2),Ulverston (1); Barrow-in-furness (1),Cumbria (2),Relief Support Worker
2026-06,team leader - residential childrens home,support_worker,2,1,2,2,Hargate Healthcare Ltd (1); Tailored Personnel Services Ltd (1),Derby (1); Peterborough (1),Other / Unknown (2),Team Leader - Residential Childrens Home
2026-06,community healthcare assistant,healthcare_assistant,2,1,1,2,DW HOMECARE LTD T/A My Homecare Derby (2),Heanor (1); Nottingham (1),Other / Unknown (2),Community Healthcare Assistant
2026-06,vehicle preparation technician,unclassified,2,1,1,2,Listers (2),Warwick (1); Solihull (1),Other / Unknown (2),Vehicle Preparation Technician
2026-06,regulatory affairs specialist,unclassified,2,1,2,2,CURE TALENT LIMITED (1); SherwinWilliamsUk (1),Uxbridge (1); Sheffield (1),Other / Unknown (1); South Yorkshire (1),Regulatory Affairs Specialist
2026-06,msk physiotherapist,unclassified,2,1,2,2,RECRUITMENTiQ (1); Sanctuary (1),Paisley (1); Durham (1),Other / Unknown (1); North East (1),MSK Physiotherapist; MSK Physiotherapist - Hybrid
2026-06,registered manager - children s home,unclassified,2,1,2,2,Headway (1); Witherslack Group (1),Axbridge (1); Bampton (1),Other / Unknown (2),Registered Manager - Children's Home
2026-06,learning support assistant,teaching_assistant,2,1,1,2,Academics (2),Trowbridge (1); Dartford (1),Other / Unknown (2),Learning Support Assistant
2026-06,clinical psychologist,unclassified,2,1,2,2,Lancesoft Ltd (1); Job Board Direct (1),Birmingham (1); Bath (1),Other / Unknown (2),Clinical Psychologist
2026-06,childrens residential support worker bank,support_worker,2,1,1,2,A Wilderness Way Ltd (2),Penrith (1); Kirkby Stephen (1),Cumbria (2),Childrens Residential Support Worker (Bank)
2026-06,residential childrens senior support worker,support_worker,2,1,1,2,Peters Dean Care Ltd (2),Hailsham (1); Portsmouth (1),Other / Unknown (2),Residential Childrens Senior Support Worker
2026-06,ofsted registered manager children,unclassified,2,1,1,2,360 Resourcing (2),Bradford (1); Warrington (1),West Yorkshire (1); Other / Unknown (1),Ofsted Registered Manager (Children)
2026-06,deputy manager children s home,unclassified,2,1,1,2,North Lakes (2),Brampton (1); Carlisle (1),Other / Unknown (1); Cumbria (1),Deputy Manager Children's Home
2026-06,psychology and criminology graduates,teaching_assistant,2,1,1,2,Academics (2),Camberley (1); Aldershot (1),Other / Unknown (2),Psychology and Criminology Graduates
2026-06,nursing home manager,unclassified,2,1,1,2,Medicare Recruitment Specialists Limited (2),Shoreham-by-sea (1); High Wycombe (1),Other / Unknown (2),Nursing Home Manager
2026-06,toyota vehicle technician,unclassified,2,1,1,1,Listers (2),Grantham (2),Other / Unknown (2),Toyota Vehicle Technician
2026-06,deputy general manager - clinical,unclassified,2,1,1,2,Crooton Ltd (2),Southampton (1); Channel Isles (1),Other / Unknown (2),Deputy General Manager - Clinical
2026-06,commissioning operations manager,unclassified,2,1,1,2,Leaders In Care Recruitment Ltd (2),Sheffield (1); Leeds (1),South Yorkshire (1); West Yorkshire (1),Commissioning Operations Manager
2026-06,paediatric nurse case manager,unclassified,2,1,1,2,Leaders In Care Recruitment Ltd (2),Manchester (1); Cleckheaton (1),Greater Manchester (1); West Yorkshire (1),Paediatric Nurse Case Manager
2026-06,residential child care worker sessional/casual,support_worker,2,1,1,2,North Lakes (2),Brampton (1); Carlisle (1),Other / Unknown (1); Cumbria (1),Residential Child Care Worker (Sessional/Casual)
2026-06,registered nurse/paramedic-police custody - berkshire -ft/pt,unclassified,2,1,1,2,Mountain Healthcare Limited (2),Reading (1); Maidenhead (1),Other / Unknown (2),Registered Nurse/Paramedic-Police Custody - Berkshire -FT/PT
2026-06,pharmacist hospital,unclassified,2,1,1,2,Phoenix Medical Supplies (2),Scunthorpe (1); Stoke-on-trent (1),Other / Unknown (2),Pharmacist Hospital
2026-06,paediatric care assistant,healthcare_assistant,2,1,1,2,Komplex Care Limited (2),Carlisle (1); Market Harborough (1),Cumbria (1); Other / Unknown (1),Paediatric Care Assistant
2026-06,group regulatory administrator,administrator_general,2,1,1,2,JMG Group (2),Glasgow (1); Leeds (1),Other / Unknown (1); West Yorkshire (1),Group Regulatory Administrator
2026-06,head of clinical services,unclassified,2,1,1,2,Ramsay Health Care (2),Nottingham (1); Bingley (1),Other / Unknown (1); West Yorkshire (1),Head of Clinical Services
2026-06,senior clinical coder - acc,unclassified,2,1,1,2,Ramsay Health Care (2),St. Peter Port (1); Channel Isles (1),Other / Unknown (2),Senior Clinical Coder - ACC
2026-06,senior recovery worker,unclassified,2,1,1,2,Hestia Housing & Support (2),Ruislip (1); Isleworth (1),Other / Unknown (2),Senior Recovery Worker
2026-06,domiciliary home care worker,care_assistant,2,1,1,2,HICA (2),Doncaster (1); Hull (1),South Yorkshire (1); Other / Unknown (1),Domiciliary Home Care Worker
2026-06,environmental health officer,unclassified,2,1,2,2,Linsco Ltd. (1); Prime Recruitment Services Limited (1),London (1); Newry (1),Other / Unknown (2),Environmental Health Officer
2026-06,diagnostic sonographer - relocate to the cayman islands,unclassified,2,1,1,2,Sanctuary (2),Bristol (1); Milton Keynes (1),Other / Unknown (2),Diagnostic Sonographer - Relocate to the Cayman Islands
2026-06,fleet facilities support operative,warehouse_logistics,1,1,1,1,Correct Contract Services Limited (1),Andover (1),Other / Unknown (1),Fleet & Facilities Support Operative
2026-06,social worker - scottish islands,unclassified,1,1,1,1,Leaders In Care Recruitment Ltd (1),Isle Of Lewis (1),Other / Unknown (1),Social Worker - Scottish Islands
2026-06,community respiratory nurse,unclassified,1,1,1,1,Leaders In Care Recruitment Ltd (1),Taunton (1),Other / Unknown (1),Community Respiratory Nurse
2026-06,commercial/finance accounts assistant,finance_admin,1,1,1,1,Hela Brands (1),Huddersfield (1),West Yorkshire (1),Commercial/Finance Accounts Assistant
2026-06,registered manager - emotional well-being assessment home,unclassified,1,1,1,1,Barnardos (1),Leicestershire (1),Other / Unknown (1),Registered Manager - Emotional Well-being Assessment Home
2026-06,nurse assessor - office based,unclassified,1,1,1,1,Donard Recruitment Ltd (1),Cardiff (1),Other / Unknown (1),Nurse Assessor - Office Based
2026-06,lead nurse / anp,unclassified,1,1,1,1,INTEGRATED CARE 24 (1),Hailsham (1),Other / Unknown (1),Lead Nurse / ANP
2026-06,commercial product assistant m e distributor,sales,1,1,1,1,Ernest Gordon Recruitment (1),Nottingham (1),Other / Unknown (1),Commercial Product Assistant (M&E Distributor)
2026-06,peebles - relief support practitioners,unclassified,1,1,1,1,Ark Housing Association (1),Peebles (1),Other / Unknown (1),Peebles - Relief Support Practitioners
2026-06,registered manager- residential childcare,unclassified,1,1,1,1,Any Other Business Solutions Limited (1),Birmingham (1),Other / Unknown (1),Registered Manager- Residential Childcare
2026-06,registered manager - childrens,unclassified,1,1,1,1,Career Makers (1),Southport (1),Other / Unknown (1),Registered Manager - Childrens
2026-06,consultant anaesthetists,unclassified,1,1,1,1,ProfDoc (1),Southampton (1),Other / Unknown (1),Consultant Anaesthetists
2026-06,careline call operator - day shifts,unclassified,1,1,1,1,Careline Support Ltd (1),Ringwood (1),Other / Unknown (1),Careline Call Operator - Day shifts
2026-06,fostering team manager,unclassified,1,1,1,1,Compass Community (1),Thetford (1),Other / Unknown (1),Fostering Team Manager
2026-06,senior residential support worker,support_worker,1,1,1,1,Compass Community (1),Westcliff-on-sea (1),Other / Unknown (1),Senior Residential Support Worker
2026-06,duty assessment social worker - monmouthshire council,unclassified,1,1,1,1,Hoop Social Work (1),Newport (1),Other / Unknown (1),Duty & Assessment Social Worker - Monmouthshire Council
2026-06,children s independent reviewing officer,unclassified,1,1,1,1,BCP Council (1),Christchurch (1),Other / Unknown (1),Children's Independent Reviewing Officer
2026-06,team manager - fostering team,unclassified,1,1,1,1,Charles Hunter Associates (1),Kent (1),Other / Unknown (1),Team Manager - Fostering Team
2026-06,adult s social worker,unclassified,1,1,1,1,Charles Hunter Associates (1),North (1),Other / Unknown (1),Adult's Social Worker
2026-06,hospital social worker - newport council,unclassified,1,1,1,1,Hoop Social Work (1),Newport (1),Other / Unknown (1),Hospital Social Worker - Newport Council
2026-06,children s advanced practitioner,unclassified,1,1,1,1,Charles Hunter Associates (1),North (1),Other / Unknown (1),Children's Advanced Practitioner
2026-06,experienced social worker,unclassified,1,1,1,1,Gloucestershire County Council - Adult Social Care (1),Gloucestershire (1),Other / Unknown (1),Experienced Social Worker
2026-06,fostering social workers managers,unclassified,1,1,1,1,Charles Hunter Associates (1),West Midlands (1),Other / Unknown (1),Fostering Social Workers & Managers
2026-06,marketing office support coordinator,unclassified,1,1,1,1,Harrison Spinks (1),Leeds (1),West Yorkshire (1),Marketing & Office Support Coordinator
2026-06,looked after children social worker,unclassified,1,1,1,1,Leaders In Care (1),South West (1),Other / Unknown (1),Looked After Children Social Worker
2026-06,camhs consultant - adhd,unclassified,1,1,1,1,Leaders In Care (1),London (1),Other / Unknown (1),CAMHS Consultant - ADHD
2026-06,autism assessor,unclassified,1,1,1,1,Leaders In Care (1),London (1),Other / Unknown (1),Autism Assessor - Remote
2026-06,adhd assessor,unclassified,1,1,1,1,Leaders In Care (1),London (1),Other / Unknown (1),ADHD Assessor
2026-06,adhd prescriber,unclassified,1,1,1,1,Leaders In Care (1),London (1),Other / Unknown (1),ADHD Prescriber
2026-06,senior social worker - children s safeguarding,unclassified,1,1,1,1,Leaders In Care (1),Maidenhead (1),Other / Unknown (1),Senior Social Worker - Children's Safeguarding
2026-06,locum social workers - team of 5,unclassified,1,1,1,1,Leaders In Care (1),South West (1),Other / Unknown (1),Locum Social Workers - Team of 5
2026-06,registered manager ebd home,unclassified,1,1,1,1,Leaders In Care (1),South East (1),Other / Unknown (1),Registered Manager (EBD Home)
2026-06,advanced social worker child protection team,unclassified,1,1,1,1,Leaders In Care (1),South West (1),Other / Unknown (1),Advanced Social Worker Child Protection Team
2026-06,social worker - safeguarding / assessments,unclassified,1,1,1,1,Leaders In Care (1),Wales (1),Other / Unknown (1),Social Worker - Safeguarding / Assessments
2026-06,refer a social worker / get rewarded with £500,unclassified,1,1,1,1,Leaders In Care (1),Not Specified (1),Other / Unknown (1),Refer a Social Worker / Get Rewarded with £500
2026-06,social worker - children families,unclassified,1,1,1,1,Leaders In Care (1),Gloucestershire (1),Other / Unknown (1),Social Worker - Children & Families
2026-06,social worker - intake assessment,unclassified,1,1,1,1,Leaders In Care (1),Denbighshire (1),Other / Unknown (1),Social Worker - Intake & Assessment
2026-06,social worker - duty assessments,unclassified,1,1,1,1,Leaders In Care (1),Swindon (1),Other / Unknown (1),Social Worker - Duty & Assessments
2026-06,senior practitioner - safeguarding,unclassified,1,1,1,1,Leaders In Care (1),Cardiff (1),Other / Unknown (1),Senior Practitioner - Safeguarding
2026-06,residential support worker outside ir35,support_worker,1,1,1,1,Leaders In Care (1),Not Specified (1),Other / Unknown (1),Residential Support Worker Outside IR35
2026-06,"hearing aid audiologist, dorset",unclassified,1,1,1,1,Leightons Opticians & Hearing Care (1),Gillingham (1),Other / Unknown (1),"Hearing Aid Audiologist, Dorset"
2026-06,optometrist - gloucester - independent - 4 a week - up to 65k pro rata,unclassified,1,1,1,1,Zest Optical (1),Gloucester (1),Other / Unknown (1),Optometrist - Gloucester - Independent - 4 Days a Week - Up to 65K Pro Rata
2026-06,dispensing optician - chelmsford - independent - up to 35k - alt sats,unclassified,1,1,1,1,Zest Optical (1),Chelmsford (1),Other / Unknown (1),Dispensing Optician - Chelmsford - Independent - Up to 35K - Alt Sats
2026-06,"locum optometrist - colchester, essex - new store opening september 2026",unclassified,1,1,1,1,Zest Optical (1),Colchester (1),Other / Unknown (1),"Locum Optometrist - Colchester, Essex - New Store Opening (September 2026)"
2026-06,"optometrist - colchester, essex - up to £70,000 bonus",unclassified,1,1,1,1,Zest Optical (1),Colchester (1),Other / Unknown (1),"Optometrist - Colchester, Essex - Up to £70,000 + Bonus"
2026-06,"optometrist partner - colchester, essex - new business partnership opportunity",unclassified,1,1,1,1,Zest Optical (1),Colchester (1),Other / Unknown (1),"Optometrist Partner - Colchester, Essex - New Business Partnership Opportunity"
2026-06,"north wales / optometrist / £95,000 package",unclassified,1,1,1,1,Vivid Optical (1),Conwy (1),Other / Unknown (1),"North Wales / Optometrist / £95,000 package"
2026-06,"optometrist / cork / €75,000",unclassified,1,1,1,1,Vivid Optical (1),Ireland (1),Other / Unknown (1),"Optometrist / Cork / €75,000"
2026-06,"optometrist / abergavenny / £65,000",unclassified,1,1,1,1,Vivid Optical (1),Wales (1),Other / Unknown (1),"Optometrist / Abergavenny / £65,000"
2026-06,"optometrist / £75,000 / eastbourne",unclassified,1,1,1,1,Vivid Optical (1),Eastbourne (1),Other / Unknown (1),"Optometrist / £75,000 / Eastbourne"
2026-06,"optometrist / haywards heath / £64,000",unclassified,1,1,1,1,Vivid Optical (1),Haywards Heath (1),Other / Unknown (1),"Optometrist / Haywards Heath / £64,000"
2026-06,clinical pharmacist,unclassified,1,1,1,1,Florence Nightingale Hospital Limited (1),London (1),Other / Unknown (1),Clinical Pharmacist
2026-06,pharmacy technician,unclassified,1,1,1,1,Florence Nightingale Hospital Limited (1),London (1),Other / Unknown (1),Pharmacy Technician
2026-06,physiotherapist functional assessor,unclassified,1,1,1,1,GAIA RECRUITMENT LIMITED (1),Not Specified (1),Other / Unknown (1),Physiotherapist Functional Assessor
2026-06,locum support worker,support_worker,1,1,1,1,21HSC LIMITED (1),Midlothian (1),Other / Unknown (1),Locum Support Worker
2026-06,community health care assistant,healthcare_assistant,1,1,1,1,Nurse Plus (1),Salisbury (1),Other / Unknown (1),Community health care assistant
2026-06,trainee commercial nutritionist,sales,1,1,1,1,De Lacy Executive (1),Not Specified (1),Other / Unknown (1),Trainee Commercial Nutritionist
2026-06,"optometrist / dunbar / £65,000 fte doe",unclassified,1,1,1,1,Leo (1),Dunbar (1),Other / Unknown (1),"Optometrist / Dunbar / £65,000 FTE DOE"
2026-06,"optometrist / north berwick / £65,000 fte doe",unclassified,1,1,1,1,Leo (1),North Berwick (1),Other / Unknown (1),"Optometrist / North Berwick / £65,000 FTE DOE"
2026-06,"optometrist/swindon/bath/£70,000",unclassified,1,1,1,1,Vivid Optical (1),Swindon (1),Other / Unknown (1),"Optometrist/Swindon/Bath/£70,000"
2026-06,"optometrist/hull/£70,000",unclassified,1,1,1,1,Vivid Optical (1),Hull (1),Other / Unknown (1),"Optometrist/Hull/£70,000"
2026-06,"optometrist/edinburgh/£60,000",unclassified,1,1,1,1,Vivid Optical (1),Edinburgh (1),Other / Unknown (1),"Optometrist/Edinburgh/£60,000"
2026-06,"optometrist/ new milton / £70,000 doe",unclassified,1,1,1,1,Leo (1),New Milton (1),Other / Unknown (1),"Optometrist/ New Milton / £70,000 DOE"
2026-06,"optometrist/queensferry/£60,000",unclassified,1,1,1,1,Vivid Optical (1),Deeside (1),Other / Unknown (1),"Optometrist/Queensferry/£60,000"
2026-06,"feltham optometrist role - up to £60,000",unclassified,1,1,1,1,Vivid Optical (1),London (1),Other / Unknown (1),"Feltham Optometrist Role - Up to £60,000"
2026-06,"cardiff optometrist role - up to £65,000",unclassified,1,1,1,1,Vivid Optical (1),Cardiff (1),Other / Unknown (1),"Cardiff Optometrist Role - Up to £65,000 !"
2026-06,"eastbourne optometrist role - up to £70,000",unclassified,1,1,1,1,Vivid Optical (1),Eastbourne (1),Other / Unknown (1),"Eastbourne Optometrist Role - Up to £70,000 !"
2026-06,"aberystwyth optometrist role - up to £65,000 doe",unclassified,1,1,1,1,Vivid Optical (1),Aberystwyth (1),Other / Unknown (1),"Aberystwyth Optometrist Role - Up to £65,000 DOE !"
2026-06,"horley optometrist role - £60,000",unclassified,1,1,1,1,Vivid Optical (1),Horley (1),Other / Unknown (1),"Horley Optometrist Role - £60,000"
2026-06,"cambridge optometrist - independent - £60,000",unclassified,1,1,1,1,Vivid Optical (1),Cambridge (1),Other / Unknown (1),"Cambridge Optometrist - Independent - £60,000 !"
2026-06,"edinburgh optometrist role - up to £65,000",unclassified,1,1,1,1,Vivid Optical (1),Edinburgh (1),Other / Unknown (1),"Edinburgh Optometrist Role - Up to £65,000"
2026-06,"fraserburgh optometrist - independent - up to £65,000",unclassified,1,1,1,1,Vivid Optical (1),Fraserburgh (1),Other / Unknown (1),"Fraserburgh Optometrist - Independent - Up to £65,000 !"
2026-06,"bognor regis optometrist role - £70,000",unclassified,1,1,1,1,Vivid Optical (1),Bognor Regis (1),Other / Unknown (1),"Bognor Regis Optometrist Role - £70,000"
2026-06,"musselburgh optometrist - independent - up to £70,000",unclassified,1,1,1,1,Vivid Optical (1),Musselburgh (1),Other / Unknown (1),"Musselburgh Optometrist - Independent - Up to £70,000 !"
2026-06,"southampton optometrist role - up to £70,000 doe",unclassified,1,1,1,1,Vivid Optical (1),Southampton (1),Other / Unknown (1),"Southampton Optometrist Role - Up to £70,000 DOE !"
2026-06,"hearing aid audiologist, derry",unclassified,1,1,1,1,Leightons Opticians & Hearing Care (1),Londonderry (1),Other / Unknown (1),"Hearing Aid Audiologist, Derry"
2026-06,optical assistant job in stoke-on-trent,unclassified,1,1,1,1,Inspired Recruitment Group (1),Stoke-on-trent (1),Other / Unknown (1),Optical Assistant job in Stoke-On-Trent
2026-06,optical assistant job in northamptonshire,unclassified,1,1,1,1,Inspired Recruitment Group (1),Northamptonshire (1),Other / Unknown (1),Optical Assistant job in Northamptonshire
2026-06,"optometrist / £65,000 / falmouth",unclassified,1,1,1,1,Vivid Optical (1),Falmouth (1),Other / Unknown (1),"Optometrist / £65,000 / Falmouth"
2026-06,"optometrist / maldon / £70,000",unclassified,1,1,1,1,Vivid Optical (1),Maldon (1),Other / Unknown (1),"Optometrist / Maldon / £70,000"
2026-06,"optometrist opportunity barnstaple / market leading package / £65,000",unclassified,1,1,1,1,Vivid Optical (1),Barnstaple (1),Other / Unknown (1),"Optometrist Opportunity Barnstaple / Market Leading Package / £65,000!"
2026-06,"optometrist opportunity minehead / market leading package / £65,000",unclassified,1,1,1,1,Vivid Optical (1),Minehead (1),Other / Unknown (1),"Optometrist Opportunity Minehead / Market Leading Package / £65,000!"
2026-06,"optometrist opportunity okehampton / market leading package / £65,000",unclassified,1,1,1,1,Vivid Optical (1),Okehampton (1),Other / Unknown (1),"Optometrist Opportunity Okehampton / Market Leading Package / £65,000!"
2026-06,"optometrist opportunity st austell / market leading package / £65,000",unclassified,1,1,1,1,Vivid Optical (1),St. Austell (1),Other / Unknown (1),"Optometrist Opportunity St Austell / Market Leading Package / £65,000!"
2026-06,"optometrist opportunity falmouth / market leading package / £65,000",unclassified,1,1,1,1,Vivid Optical (1),Falmouth (1),Other / Unknown (1),"Optometrist Opportunity Falmouth / Market Leading Package / £65,000!"
2026-06,"optometrist opportunity helston / market leading package / £65,000",unclassified,1,1,1,1,Vivid Optical (1),Helston (1),Other / Unknown (1),"Optometrist Opportunity Helston / Market Leading Package / £65,000!"
2026-06,"optometrist / plymouth / £74,000 doe",unclassified,1,1,1,1,Leo (1),Plymouth (1),Other / Unknown (1),"Optometrist / Plymouth / £74,000 DOE"
2026-06,"optometrist opportunity perth / independent practice/ £60,000",unclassified,1,1,1,1,Vivid Optical (1),Kinross (1),Other / Unknown (1),"Optometrist Opportunity Perth!/ Independent practice/ £60,000!"
2026-06,"newly qualified optometrist - kent - packages of up to £60,000",unclassified,1,1,1,1,Vivid Optical (1),Kent (1),Other / Unknown (1),"Newly Qualified Optometrist - Kent - Packages Of Up To £60,000!"
2026-06,graduate orthotist,unclassified,1,1,1,1,Blatchford Ltd (1),Kettering (1),Other / Unknown (1),Graduate Orthotist
2026-06,corporate receptionist - boutique investment firm - -perm,unclassified,1,1,1,1,Gordon Yates Recruiting & Training Ltd (1),London (1),Other / Unknown (1),Corporate Receptionist - Boutique Investment Firm - Temp-Perm
2026-06,mortgage case administrator,administrator_general,1,1,1,1,Office Angels (1),Leicester (1),Other / Unknown (1),Mortgage Case Administrator
2026-06,functional assessor - slough - nurse/ot/physio/paramedic,unclassified,1,1,1,1,Everpool (1),Slough (1),Other / Unknown (1),Functional Assessor - Slough - Nurse/OT/Physio/Paramedic
2026-06,data and general administrator,administrator_general,1,1,1,1,UKHCDO Limited (1),Manchester (1),Greater Manchester (1),Data and General Administrator
2026-06,sales support administrator,administrator_general,1,1,1,1,THE CHANNEL RECRUITER LTD (1),Manchester (1),Greater Manchester (1),Sales Support Administrator
2026-06,case disposals administrator cj,administrator_general,1,1,1,1,Adecco (1),Reading (1),Other / Unknown (1),Case Disposals Administrator CJ
2026-06,purchasing admin,administrator_general,1,1,1,1,XPERT RECRUITMENT SOLUTIONS LIMITED (1),Stoke-on-trent (1),Other / Unknown (1),Purchasing Admin
2026-06,occupational health physiotherapist,unclassified,1,1,1,1,Greys Specialist Recruitment (1),Durham (1),North East (1),Occupational Health Physiotherapist - Temp
2026-06,receptionist edinburgh,unclassified,1,1,1,1,Meraki Talent Limited (1),Edinburgh (1),Other / Unknown (1),Receptionist Edinburgh
2026-06,finance administrator - multi site,administrator_general,1,1,1,1,Office Angels (1),Buxton (1),Other / Unknown (1),Finance Administrator - multi site
2026-06,receptionist / office administrator,administrator_general,1,1,1,1,Rise Technical Recruitment Limited (1),Gloucestershire (1),Other / Unknown (1),Receptionist / Office Administrator
2026-06,repairs maintenance administrator,administrator_general,1,1,1,1,Huntress (1),London (1),Other / Unknown (1),Repairs & Maintenance Administrator
2026-06,expert panel member,unclassified,1,1,1,1,Norwood (1),London (1),Other / Unknown (1),Expert Panel Member
2026-06,personal assistant to the ceo,unclassified,1,1,1,1,Office Angels (1),Bromley (1),Other / Unknown (1),Personal Assistant to the CEO
2026-06,"optometrist/canterbury/£80,000",unclassified,1,1,1,1,Vivid Optical (1),Canterbury (1),Other / Unknown (1),"Optometrist/Canterbury/£80,000"
2026-06,"mobile hearing aid audiologist, guildford",unclassified,1,1,1,1,Leightons Opticians & Hearing Care (1),Guildford (1),Other / Unknown (1),"Mobile Hearing Aid Audiologist, Guildford"
2026-06,"dispensing optician - newport, shropshire",unclassified,1,1,1,1,Zest Optical (1),Newport (1),Other / Unknown (1),"Dispensing Optician - Newport, Shropshire"
2026-06,optometrist needed folkestone up to 77k package,unclassified,1,1,1,1,Vivid Optical (1),Folkestone (1),Other / Unknown (1),Optometrist Needed Folkestone! Up to 77k Package!
2026-06,optometrist needed guernsey 90k package relocation spport,unclassified,1,1,1,1,Vivid Optical (1),Guernsey (1),Other / Unknown (1),Optometrist Needed Guernsey! 90K Package! Relocation Spport!
2026-06,dispensing optician - cambridge - independent - up to 38k,unclassified,1,1,1,1,Zest Optical (1),Cambridge (1),Other / Unknown (1),Dispensing Optician - Cambridge - Independent - Up to 38K
2026-06,optometrist bristol - 70k package,unclassified,1,1,1,1,Vivid Optical (1),Bristol (1),Other / Unknown (1),Optometrist Bristol - 70k Package!
2026-06,optometrist needed inverness up to 77k package,unclassified,1,1,1,1,Vivid Optical (1),Inverness (1),Other / Unknown (1),Optometrist Needed Inverness! Up to 77k Package!
2026-06,optometrist needed chester-le-street up to 77k package,unclassified,1,1,1,1,Vivid Optical (1),Chester Le Street (1),North East (1),Optometrist Needed Chester-le-Street! Up to 77k Package!
2026-06,optical assistany job in liverpool,unclassified,1,1,1,1,Inspired Recruitment Group (1),Liverpool (1),Other / Unknown (1),Optical Assistany job in Liverpool
2026-06,optical assistant job in crewe,customer_service,1,1,1,1,Inspired Recruitment Group (1),Crewe (1),Other / Unknown (1),Optical Assistant job in Crewe
2026-06,optical assistant job in sheffield,unclassified,1,1,1,1,Inspired Recruitment Group (1),Sheffield (1),South Yorkshire (1),Optical Assistant job in Sheffield
2026-06,optical assistant job in leicestershire,unclassified,1,1,1,1,Inspired Recruitment Group (1),Leicestershire (1),Other / Unknown (1),Optical Assistant job in Leicestershire
2026-06,dispensing optician job in,unclassified,1,1,1,1,Inspired Recruitment Group (1),Derbyshire (1),Other / Unknown (1),Dispensing Optician job in
2026-06,dispensing optician job in surey,unclassified,1,1,1,1,Inspired Recruitment Group (1),Surrey (1),Other / Unknown (1),Dispensing Optician job in Surey
2026-06,optometrist job in bournemouth,unclassified,1,1,1,1,Inspired Recruitment Group (1),Bournemouth (1),Other / Unknown (1),Optometrist job in Bournemouth
2026-06,optometrist job in newcastle upon tyne,unclassified,1,1,1,1,Inspired Recruitment Group (1),Newcastle Upon Tyne (1),North East (1),Optometrist job in Newcastle Upon Tyne
2026-06,optometrist job in south west london,unclassified,1,1,1,1,Inspired Recruitment Group (1),London (1),Other / Unknown (1),Optometrist job in South West London
2026-06,optometrist job in south east london,unclassified,1,1,1,1,Inspired Recruitment Group (1),London (1),Other / Unknown (1),Optometrist job in South East London
2026-06,optical assistant job in derbyshire,unclassified,1,1,1,1,Inspired Recruitment Group (1),Derbyshire (1),Other / Unknown (1),Optical Assistant job in Derbyshire
2026-06,"full or optometrist - monday to friday, guildford, surrey",unclassified,1,1,1,1,Network Open Recruitment (1),Guildford (1),Other / Unknown (1),"Full or Part time Optometrist - Monday to Friday, Guildford, Surrey"
2026-06,"calling out to all up-coming osce optometrists in south wales packages of up to £55,000",unclassified,1,1,1,1,Vivid Optical (1),Wales (1),Other / Unknown (1),"Calling Out To All Up-Coming OSCE Optometrists In South Wales!! Packages Of Up To £55,000!!"
2026-06,"calling out to all newly qualified optometrists in newcastle upon tyne packages of up to £60,000",unclassified,1,1,1,1,Vivid Optical (1),Newcastle Upon Tyne (1),North East (1),"Calling Out To All Newly Qualified Optometrists In Newcastle Upon Tyne!! Packages Of Up To £60,000!!"
2026-06,independent south newcastle - £65k,unclassified,1,1,1,1,Vivid Optical (1),Newcastle Upon Tyne (1),North East (1),Independent South Newcastle - £65k
2026-06,southampton optometrist - oct,unclassified,1,1,1,1,Vivid Optical (1),Southampton (1),Other / Unknown (1),Southampton Optometrist - OCT
2026-06,private eye surgery - waterford €80k,unclassified,1,1,1,1,Vivid Optical (1),Waterford (1),Other / Unknown (1),Private Eye Surgery - Waterford €80K
2026-06,"optometrist opportunity lowestoft / multiple practice/ £75,000",unclassified,1,1,1,1,Vivid Optical (1),Lowestoft (1),Other / Unknown (1),"Optometrist Opportunity Lowestoft!/ Multiple practice/ £75,000!"
2026-06,"optometrist opportunity peebles / independent practice/ £60,000",unclassified,1,1,1,1,Vivid Optical (1),Peeblesshire (1),Other / Unknown (1),"Optometrist Opportunity Peebles!/ Independent practice/ £60,000!"
2026-06,"optometrist opportunity whiteley / a specialist eye hospital / £65,000",unclassified,1,1,1,1,Vivid Optical (1),Fareham (1),Other / Unknown (1),"Optometrist Opportunity Whiteley!/ A Specialist Eye Hospital!/ £65,000!"
2026-06,"optometrist opportunity portsmouth / multiple practice/ £70,000",unclassified,1,1,1,1,Vivid Optical (1),Portsmouth (1),Other / Unknown (1),"Optometrist Opportunity Portsmouth!/ Multiple practice/ £70,000!"
2026-06,"optometrist opportunity lincoln / multiple practice/ £65,000",unclassified,1,1,1,1,Vivid Optical (1),Lincoln (1),Other / Unknown (1),"Optometrist Opportunity Lincoln!/ Multiple practice/ £65,000!"
2026-06,"optometrist - wallasey, merseyside",unclassified,1,1,1,1,Network Open Recruitment (1),Wallasey (1),Other / Unknown (1),"Optometrist - Wallasey, Merseyside"
2026-06,"optometrist - hythe, southampton, hampshire",unclassified,1,1,1,1,Network Open Recruitment (1),Hythe (1),Other / Unknown (1),"Optometrist - Hythe, Southampton, Hampshire"
2026-06,"full or optometrist - monday to friday, edinburgh, scotland",unclassified,1,1,1,1,Network Open Recruitment (1),Edinburgh (1),Other / Unknown (1),"Full or Part time Optometrist - Monday to Friday, Edinburgh, Scotland"
2026-06,"full or optometrist - monday to friday, newcastle upon tyne, north east",unclassified,1,1,1,1,Network Open Recruitment (1),Newcastle Upon Tyne (1),North East (1),"Full or Part time Optometrist - Monday to Friday, Newcastle Upon Tyne, North East"
2026-06,"full or optometrist - monday to friday, colchester, essex",unclassified,1,1,1,1,Network Open Recruitment (1),Colchester (1),Other / Unknown (1),"Full or Part time Optometrist - Monday to Friday, Colchester, Essex"
2026-06,"full or optometrist - alsager, staffordshire",unclassified,1,1,1,1,Network Open Recruitment (1),Alsager (1),Other / Unknown (1),"Full or Part time Optometrist - Alsager, Staffordshire"
2026-06,"optical manager opportunity, greenhithe / £45,000",unclassified,1,1,1,1,Vivid Optical (1),Greenhithe (1),Other / Unknown (1),"Optical Manager Opportunity, Greenhithe / £45,000"
2026-06,"optometrist opportunity, musselburgh / £70,000",unclassified,1,1,1,1,Vivid Optical (1),Musselburgh (1),Other / Unknown (1),"Optometrist Opportunity, Musselburgh / £70,000"
2026-06,"optometrist opportunity, edinburgh / £55,000",unclassified,1,1,1,1,Vivid Optical (1),Edinburgh (1),Other / Unknown (1),"Optometrist Opportunity, Edinburgh / £55,000"
2026-06,"optometrist - monday to friday, ipswich, suffolk",unclassified,1,1,1,1,Network Open Recruitment (1),Ipswich (1),Other / Unknown (1),"Optometrist - Monday to Friday, Ipswich, Suffolk"
2026-06,"optometrist, rhyl, north wales",unclassified,1,1,1,1,Network Open Recruitment (1),Denbighshire (1),Other / Unknown (1),"Optometrist, Rhyl, North Wales"
2026-06,"optometrist - wimborne, dorset",unclassified,1,1,1,1,Network Open Recruitment (1),Wimborne (1),Other / Unknown (1),"Optometrist - Wimborne, Dorset"
2026-06,"optometrist opportunity, greenock / £55,000",unclassified,1,1,1,1,Vivid Optical (1),Bathgate (1),Other / Unknown (1),"Optometrist Opportunity, Greenock / £55,000"
2026-06,"optometrist opportunity, portsmouth / £70,000",unclassified,1,1,1,1,Vivid Optical (1),Portsmouth (1),Other / Unknown (1),"Optometrist Opportunity, Portsmouth / £70,000"
2026-06,"optometrist opportunity, northampton / £65,000",unclassified,1,1,1,1,Vivid Optical (1),Northampton (1),Other / Unknown (1),"Optometrist Opportunity, Northampton / £65,000"
2026-06,"dispensing optician opportunity, oakham / £36,000",unclassified,1,1,1,1,Vivid Optical (1),Oakham (1),Other / Unknown (1),"Dispensing Optician Opportunity, Oakham / £36,000"
2026-06,"optometrist opportunity, chichester/ £70,000 bonus",unclassified,1,1,1,1,Vivid Optical (1),Taunton (1),Other / Unknown (1),"Optometrist Opportunity, Chichester/ £70,000 + Bonus"
2026-06,"dispensing optician opportunity newcastle / £35,000",unclassified,1,1,1,1,Vivid Optical (1),Newcastle Upon Tyne (1),North East (1),"Dispensing Optician Opportunity Newcastle / £35,000"
2026-06,"optometrist opportunity, alresford / £65,000",unclassified,1,1,1,1,Vivid Optical (1),Alresford (1),Other / Unknown (1),"Optometrist Opportunity, Alresford / £65,000"
2026-06,"dispensing optician opportunity, swords / €50,000",unclassified,1,1,1,1,Vivid Optical (1),Ireland (1),Other / Unknown (1),"Dispensing Optician Opportunity, Swords / €50,000"
2026-06,financial administrator sage 50 training,administrator_general,1,1,1,1,Ernest Gordon Recruitment Limited (1),Stafford (1),Other / Unknown (1),Financial Administrator (Sage 50 Training)
2026-06,admin data person,unclassified,1,1,1,1,Directions Recruitment Specialists (1),Northwood (1),Other / Unknown (1),Temp Admin data person
2026-06,social worker - children in care,unclassified,1,1,1,1,North East Lincolnshire Council (1),Lincolnshire (1),Other / Unknown (1),Social Worker - Children In Care
2026-06,children s residential homes manager,unclassified,1,1,1,1,Wokingham Borough Council (1),Wokingham (1),Other / Unknown (1),Children's Residential Homes Manager
2026-06,children s home deputy manager,unclassified,1,1,1,1,Compass Community (1),Westbury (1),Other / Unknown (1),Children's Home Deputy Manager
2026-06,social worker level 2 3 - children and families first teams,unclassified,1,1,1,1,BCP Council (1),Bournemouth (1),Other / Unknown (1),Social Worker (Level 2 & 3) - Children and Families First Teams
2026-06,social worker level 2 3 - plo court teams,unclassified,1,1,1,1,BCP Council (1),Bournemouth (1),Other / Unknown (1),Social Worker (Level 2 & 3) - PLO & Court Teams
2026-06,social worker level 2 3 - children in care,unclassified,1,1,1,1,BCP Council (1),Bournemouth (1),Other / Unknown (1),Social Worker (Level 2 & 3) - Children in Care
2026-06,social worker level 2 3 - assessment teams,unclassified,1,1,1,1,BCP Council (1),Bournemouth (1),Other / Unknown (1),Social Worker (Level 2 & 3) - Assessment Teams
2026-06,principal service lead - through care,unclassified,1,1,1,1,Dudley Metropolitan Borough Council (1),Dudley (1),Other / Unknown (1),Principal Service Lead - Through Care
2026-06,casual academy physiotherapists/ sports therapists,unclassified,1,1,1,1,Colchester Academy (1),Tiptree (1),Other / Unknown (1),Casual Academy Physiotherapists/ Sports Therapists
2026-06,residential support worker / childrens centre assistant cook,support_worker,1,1,1,1,Care First Recruitment Ltd (1),London (1),Other / Unknown (1),Residential Support Worker / Childrens Centre Assistant (Cook)
2026-06,reablement care worker,care_assistant,1,1,1,1,HCAPS GROUP LIMITED (1),Enfield (1),Other / Unknown (1),Reablement Care Worker
2026-06,part-time administrator,administrator_general,1,1,1,1,Hays Specialist Recruitment Limited (1),Inverness (1),Other / Unknown (1),Part-Time Administrator
2026-06,finance operations administrator,administrator_general,1,1,1,1,ONETEN ASSOCIATES LIMITED (1),Basingstoke (1),Other / Unknown (1),Finance Operations Administrator
2026-06,care assistant/ support worker,support_worker,1,1,1,1,PROXYCARE LIMITED (1),Corby (1),Other / Unknown (1),Care assistant/ Support worker
2026-06,site administrator,administrator_general,1,1,1,1,Reed (1),St. Helens (1),Other / Unknown (1),Site Administrator
2026-06,graduate administrator,administrator_general,1,1,1,1,Office Angels (1),Chelmsford (1),Other / Unknown (1),Graduate Administrator
2026-06,data entry administrator,administrator_general,1,1,1,1,i2i Recruitment Consultancy (1),Tewkesbury (1),Other / Unknown (1),Data Entry Administrator
2026-06,functional assessor - lewes - ot/physio/nurse,unclassified,1,1,1,1,Everpool (1),Lewes (1),Other / Unknown (1),Functional Assessor - Lewes - OT/Physio/Nurse
2026-06,client servicing administrator,administrator_general,1,1,1,1,Reed (1),Altrincham (1),Greater Manchester (1),Client Servicing Administrator
2026-06,care worker,care_assistant,1,1,1,1,HCAPS GROUP LIMITED (1),Nottinghamshire (1),Other / Unknown (1),Care Worker
2026-06,hire monitoring admin assistant,customer_service,1,1,1,1,Vermelo RPO (1),Uxbridge (1),Other / Unknown (1),Hire Monitoring Admin Assistant
2026-06,education administrator,administrator_general,1,1,1,1,Dovetail & Slate (1),Coventry (1),Other / Unknown (1),Education Administrator
2026-06,client services administrator - exclusive to taylor james,administrator_general,1,1,1,1,Taylor James Professional Recruitment (1),Leeds (1),West Yorkshire (1),Client Services Administrator - Exclusive to Taylor James
2026-06,practice manager,unclassified,1,1,1,1,Zachary Daniels (1),Glasgow (1),Other / Unknown (1),Practice Manager
2026-06,graduate senior pa,unclassified,1,1,1,1,Emma Gibbs Recruitment (1),London (1),Other / Unknown (1),Graduate Senior PA
2026-06,administration assistant trainee,unclassified,1,1,1,1,Best4Business Group (1),Cambridge (1),Other / Unknown (1),Administration Assistant (Trainee)
2026-06,admin assistant until august,administrator_general,1,1,1,1,Office Angels (1),Kingston Upon Thames (1),Other / Unknown (1),Part Time Temp Admin Assistant until August!
2026-06,sales and operations support administrator,administrator_general,1,1,1,1,Key Appointments (UK) Ltd (1),Bradford (1),West Yorkshire (1),Sales and Operations Support Administrator
2026-06,senior occupational health nurse,unclassified,1,1,1,1,Greys Specialist Recruitment (1),London (1),Other / Unknown (1),Senior Occupational Health Nurse
2026-06,finance administrator ftc,administrator_general,1,1,1,1,Debbie Burbage Recruitment (1),Wellingborough (1),Other / Unknown (1),Finance Administrator (FTC)
2026-06,packaging line leader - pharmaceuticals,unclassified,1,1,1,1,Cpl Life Sciences (1),Hatfield (1),Other / Unknown (1),Packaging Line Leader - Pharmaceuticals
2026-06,"consultant endocrinologist, digital weight management services",unclassified,1,1,1,1,Zest Business Group (1),London (1),Other / Unknown (1),"Consultant Endocrinologist, Digital Weight Management Services"
2026-06,receptionist/office assistant,unclassified,1,1,1,1,Hales Group (1),Bury St. Edmunds (1),Greater Manchester (1),Receptionist/Office Assistant
2026-06,registered general nurse / rgn,unclassified,1,1,1,1,PROXYCARE LIMITED (1),Bury (1),Greater Manchester (1),Registered General Nurse / RGN
2026-06,junior administrator,administrator_general,1,1,1,1,Kenneth Brian Associates Limited (1),Reigate (1),Other / Unknown (1),Junior Administrator
2026-06,healthcare assistant/support worker,support_worker,1,1,1,1,PROXYCARE LIMITED (1),Cambridge (1),Other / Unknown (1),Healthcare Assistant/Support Worker
2026-06,oral health nurse - yorkshire region,unclassified,1,1,1,1,Zest Business Group (1),Not Specified (1),Other / Unknown (1),Oral Health Nurse - Yorkshire region
2026-06,admin customer service,customer_service,1,1,1,1,pyramid8 (1),Castleford (1),West Yorkshire (1),Admin Customer Service
2026-06,part-time property administrator,administrator_general,1,1,1,1,Hays Specialist Recruitment Limited (1),Lichfield (1),Other / Unknown (1),Part-time Property Administrator
2026-06,transport warehouse administrator,administrator_general,1,1,1,1,Hays Specialist Recruitment Limited (1),Lancashire (1),Other / Unknown (1),Transport & Warehouse Administrator
2026-06,receptionst,administrator_general,1,1,1,1,Office Angels (1),Edinburgh (1),Other / Unknown (1),Receptionst
2026-06,multi-site optometrist,unclassified,1,1,1,1,Specsavers (1),Skegness (1),Other / Unknown (1),Multi-site Optometrist
2026-06,general sonographer,unclassified,1,1,1,1,Day Webster (1),Wirral (1),Other / Unknown (1),General Sonographer
2026-06,hr office manager - 6 month ftc - publishing,unclassified,1,1,1,1,Redwood Publishing Recruitment (1),London (1),Other / Unknown (1),HR & Office Manager - 6 Month FTC - Publishing
2026-06,insurance administrator,administrator_general,1,1,1,1,YourRecruit (1),Guildford (1),Other / Unknown (1),Insurance Administrator
2026-06,production administrator,administrator_general,1,1,1,1,ASC Connections Ltd (1),Redditch (1),Other / Unknown (1),Production Administrator
2026-06,handyman/maintenance,unclassified,1,1,1,1,RITZ RECRUITMENT (1),Leeds (1),West Yorkshire (1),Handyman/Maintenance
2026-06,contracts administration manager,unclassified,1,1,1,1,Huntress (1),Halifax (1),West Yorkshire (1),Contracts Administration Manager
2026-06,newly qualifiied optometrist,unclassified,1,1,1,1,Specsavers (1),Chepstow (1),Other / Unknown (1),Newly Qualifiied Optometrist
2026-06,executive assistant to ceo,unclassified,1,1,1,1,HR GO Recruitment (1),Hailsham (1),Other / Unknown (1),Executive Assistant to CEO
2026-06,functional assessor yeovil,unclassified,1,1,1,1,GAIA RECRUITMENT LIMITED (1),Yeovil (1),Other / Unknown (1),Functional Assessor Yeovil
2026-06,barristers clerk personal injury and clinical negligence,unclassified,1,1,1,1,St Johns Buildings (1),Manchester (1),Greater Manchester (1),Barristers Clerk (Personal Injury and Clinical Negligence)
2026-06,dispensing optician assistant manager,unclassified,1,1,1,1,Specsavers (1),Newport Pagnell (1),Other / Unknown (1),Dispensing Optician Assistant Manager
2026-06,junior sales administrator,administrator_general,1,1,1,1,Adecco (1),Hull (1),Other / Unknown (1),Junior Sales Administrator
2026-06,administration associate,unclassified,1,1,1,1,Evlo (1),Trowbridge (1),Other / Unknown (1),Administration Associate
2026-06,compliance administrator,administrator_general,1,1,1,1,Building Recruitment Company (1),Bristol (1),Other / Unknown (1),Compliance Administrator
2026-06,engineering administrator automotive/plant,administrator_general,1,1,1,1,Ernest Gordon Recruitment Limited (1),Wolverhampton (1),Other / Unknown (1),Engineering Administrator (Automotive/Plant)
2026-06,department administrator,administrator_general,1,1,1,1,Adecco (1),Liverpool (1),Other / Unknown (1),Department Administrator
2026-06,governance administrator,administrator_general,1,1,1,1,Office Angels (1),Guildford (1),Other / Unknown (1),Governance Administrator
2026-06,medical administrator,administrator_general,1,1,1,1,Adecco (1),Bangor (1),Other / Unknown (1),Medical Administrator
2026-06,"hearing aid audiologist, st albans",unclassified,1,1,1,1,Leightons Opticians & Hearing Care (1),St. Albans (1),Other / Unknown (1),"Hearing Aid Audiologist, St Albans"
2026-06,"hearing aid audiologist, walsall",unclassified,1,1,1,1,Leightons Opticians & Hearing Care (1),Walsall (1),Other / Unknown (1),"Hearing Aid Audiologist, Walsall"
2026-06,"dispensing optician - winchester, hampshire - independent - up to 32k plus bonus",unclassified,1,1,1,1,Zest Optical (1),Winchester (1),Other / Unknown (1),"Dispensing Optician - Winchester, Hampshire - Independent - Up to 32K Plus Bonus"
2026-06,"optometrist - dolgellau, gwynedd - independent - up to 65k - no weekends",unclassified,1,1,1,1,Zest Optical (1),Dolgellau (1),Other / Unknown (1),"Optometrist - Dolgellau, Gwynedd - Independent - Up to 65K - No Weekends"
2026-06,optometrist - seaford - independent - 3 a week - up to 65k pro rata,unclassified,1,1,1,1,Zest Optical (1),Seaford (1),Other / Unknown (1),Part Time Optometrist - Seaford - Independent - 3 Days a Week - Up to 65K Pro Rata
2026-06,optometrist - bristol - up to £60k bonus relocation package,unclassified,1,1,1,1,Zest Optical (1),Bristol (1),Other / Unknown (1),Optometrist - Bristol - Up to £60K + Bonus + Relocation Package
2026-06,"contact lens optician/dispensing optician - long eaton, nottingham",unclassified,1,1,1,1,Zest Optical (1),Nottingham (1),Other / Unknown (1),"Part Time Contact Lens Optician/Dispensing Optician - Long Eaton, Nottingham"
2026-06,optical glazing technician- caerphilly - south wales,unclassified,1,1,1,1,Zest Optical (1),Caerphilly (1),Other / Unknown (1),Optical Glazing Technician- Caerphilly - South Wales
2026-06,optical assistant - head office role - luxury online eyewear retailer - bury,unclassified,1,1,1,1,Zest Optical (1),Bury (1),Greater Manchester (1),Optical Assistant - Head Office Role - Luxury Online Eyewear Retailer - Bury
2026-06,"dispensing optician - independent opticians - bishop s stortford - £30,000-£36,000",unclassified,1,1,1,1,Zest Optical (1),Bishop's Stortford (1),Other / Unknown (1),"Dispensing Optician - Independent Opticians - Bishop's Stortford - £30,000-£36,000"
2026-06,optometrist - gateshead - independent - up to 65k doe - no weekends,unclassified,1,1,1,1,Zest Optical (1),Gateshead (1),North East (1),Part Time Optometrist - Gateshead - Independent - Up to 65K DOE - No Weekends
2026-06,"optometrist - independent opticians, bedlington - northumberland - no weekends",unclassified,1,1,1,1,Zest Optical (1),Bedlington (1),North East (1),"Part Time Optometrist - Independent Opticians, Bedlington - Northumberland - No Weekends"
2026-06,optical assistant - woodseats sheffield,unclassified,1,1,1,1,Zest Optical (1),Sheffield (1),South Yorkshire (1),Optical Assistant - Woodseats (Sheffield)
2026-06,optical assistant job in central london,unclassified,1,1,1,1,Inspired Recruitment Group (1),London (1),Other / Unknown (1),Optical Assistant job in Central London
2026-06,optical assistant job in north london,unclassified,1,1,1,1,Inspired Recruitment Group (1),London (1),Other / Unknown (1),Optical Assistant job in North London
2026-06,dispensing optician manager job in south east london,unclassified,1,1,1,1,Inspired Recruitment Group (1),London (1),Other / Unknown (1),Dispensing Optician Manager job in South East London
2026-06,dispensing optician job in north london,unclassified,1,1,1,1,Inspired Recruitment Group (1),London (1),Other / Unknown (1),Dispensing Optician job in North London
2026-06,optical assistant job in greater manchester,unclassified,1,1,1,1,Inspired Recruitment Group (1),Manchester (1),Greater Manchester (1),Optical Assistant job in Greater Manchester
2026-06,optical assistant job in leeds,unclassified,1,1,1,1,Inspired Recruitment Group (1),Leeds (1),West Yorkshire (1),Optical Assistant job in Leeds
2026-06,optometrist job in chelmsford,unclassified,1,1,1,1,Inspired Recruitment Group (1),Chelmsford (1),Other / Unknown (1),Optometrist job in Chelmsford
2026-06,optometrist store manager,unclassified,1,1,1,1,Vision Express (1),Wiltshire (1),Other / Unknown (1),Optometrist Store Manager
2026-06,optical assistant job in manchester,unclassified,1,1,1,1,Inspired Recruitment Group (1),Manchester (1),Greater Manchester (1),Optical Assistant job in Manchester
2026-06,optical assistant job in bath,unclassified,1,1,1,1,Inspired Recruitment Group (1),Bath (1),Other / Unknown (1),Optical Assistant job in Bath
2026-06,logistics administrator,administrator_general,1,1,1,1,Bis Henderson (1),Leamington Spa (1),Other / Unknown (1),Logistics Administrator
2026-06,game changing executive assistant role,unclassified,1,1,1,1,Katie Bard & Angela Mortimer Plc (1),Birmingham (1),Other / Unknown (1),Game Changing Executive Assistant Role
2026-06,performance administrator,administrator_general,1,1,1,1,Priority Recruitment (1),Stone (1),Other / Unknown (1),Performance Administrator
2026-06,transport administrator,administrator_general,1,1,1,1,Premier Work Support (1),Erith (1),Other / Unknown (1),Transport Administrator
2026-06,speech and language therapist - neuro/stroke services band,unclassified,1,1,1,1,Eden Brown Synergy (1),Romford (1),Other / Unknown (1),Speech and Language Therapist - Neuro/Stroke Services (Band
2026-06,transperineal prostate biopsy specialist,unclassified,1,1,1,1,Ernest Gordon Recruitment Limited (1),London (1),Other / Unknown (1),Transperineal Prostate Biopsy Specialist
2026-06,senior business support officer commissioning,unclassified,1,1,1,1,Connect2Dudley (1),Brierley Hill (1),Other / Unknown (1),Senior Business Support Officer (Commissioning)
2026-06,functional assessor - bournemouth - nurse/ot/physio/paramedic,unclassified,1,1,1,1,Everpool (1),Bournemouth (1),Other / Unknown (1),Functional Assessor - Bournemouth - Nurse/OT/Physio/Paramedic
2026-06,senior ifa administrator,administrator_general,1,1,1,1,Financial Divisions (1),London (1),Other / Unknown (1),Senior IFA Administrator
2026-06,administrator - financial services sector,administrator_general,1,1,1,1,CMD Recruitment (1),Swindon (1),Other / Unknown (1),Administrator - Financial Services Sector
2026-06,snr corporate governance manager/ company secretary - canterbury - cgi qualified.,unclassified,1,1,1,1,Hawke Search (1),Canterbury (1),Other / Unknown (1),Snr Corporate Governance Manager/ Company Secretary - Canterbury - CGI Qualified.
2026-06,registered mental health nurse rmn,unclassified,1,1,1,1,Cygnet Healthcare (1),London (1),Other / Unknown (1),Registered Mental Health Nurse (RMN)
2026-06,company secretary - qualified or pq - canterbury - financial services....,unclassified,1,1,1,1,Hawke Search (1),Canterbury (1),Other / Unknown (1),Company Secretary - Qualified or PQ - Canterbury - Financial Services....
2026-06,legal receptionist,unclassified,1,1,1,1,Reed (1),Glasgow (1),Other / Unknown (1),Legal Receptionist
2026-06,aug wca doctor,unclassified,1,1,1,1,Maximus (1),Coventry (1),Other / Unknown (1),AUG WCA DOCTOR HYBRID
2026-06,systems data administrator,administrator_general,1,1,1,1,Source4 Personnel Solutions (1),West Drayton (1),Other / Unknown (1),Systems & Data Administrator
2026-06,complex care worker,care_assistant,1,1,1,1,Active Care Group (1),Hockley (1),Other / Unknown (1),Complex Care Worker
2026-06,social worker - fostering team,unclassified,1,1,1,1,Sanctuary Personnel (1),Bradford (1),West Yorkshire (1),Social Worker - Fostering Team
2026-06,advanced social work practitioner - east child family team,unclassified,1,1,1,1,Sanctuary Personnel (1),Bradford (1),West Yorkshire (1),Advanced Social Work Practitioner - East Child & Family Team
2026-06,social worker - integrated front door mash,unclassified,1,1,1,1,Sanctuary Personnel (1),Bradford (1),West Yorkshire (1),Social Worker - Integrated Front Door (MASH)
2026-06,approved mental health professional,unclassified,1,1,1,1,Sanctuary Personnel (1),Oldham (1),Greater Manchester (1),Approved Mental Health Professional
2026-06,social work team manager - safeguarding team,unclassified,1,1,1,1,Sanctuary Personnel (1),Ipswich (1),Other / Unknown (1),Social Work Team Manager - Safeguarding Team
2026-06,childrens residential ebd registered manager,unclassified,1,1,1,1,Rivers Recruitment Limited (1),Northampton (1),Other / Unknown (1),Childrens Residential EBD Registered Manager
2026-06,manufacturing it/ot support technician,unclassified,1,1,1,1,Morson Edge (1),Worcester (1),Other / Unknown (1),Manufacturing IT/OT Support Technician
2026-06,legal personal assistant,unclassified,1,1,1,1,Reed (1),Epsom (1),Other / Unknown (1),Legal Personal Assistant
2026-06,administrative assistant -north london,unclassified,1,1,1,1,Morgan Hunt Recruitment (1),London (1),Other / Unknown (1),Administrative Assistant -North London
2026-06,ifa administrator - exclusive to taylor james,administrator_general,1,1,1,1,Taylor James Professional Recruitment (1),London (1),Other / Unknown (1),IFA Administrator - Exclusive to Taylor James
2026-06,occupational therapist 0093,unclassified,1,1,1,1,The Aurora Group (1),Bristol (1),Other / Unknown (1),Occupational Therapist 0093
2026-06,registered manager - children s residential,unclassified,1,1,1,1,Brook Street UK (1),Flintshire (1),Other / Unknown (1),Registered Manager - Children's Residential
2026-06,head of people,unclassified,1,1,1,1,Norwood (1),London (1),Other / Unknown (1),Head of People
2026-06,support worker supported living,support_worker,1,1,1,1,HFT (1),Hythe (1),Other / Unknown (1),Support Worker (Supported Living)
2026-06,residential service officer,unclassified,1,1,1,1,Hampshire County Council (1),Havant (1),Other / Unknown (1),Residential Service Officer
2026-06,opticians practice manager - coleshill,unclassified,1,1,1,1,Zest Optical (1),Warwickshire (1),Other / Unknown (1),Opticians Practice Manager - Coleshill
2026-06,opticians practice manager - ashby-de-la-zouch,unclassified,1,1,1,1,Zest Optical (1),Leicestershire (1),Other / Unknown (1),Opticians Practice Manager - Ashby-de-la-Zouch
2026-06,opticians practice manager - chesterfield,unclassified,1,1,1,1,Zest Optical (1),Chesterfield (1),Other / Unknown (1),Opticians Practice Manager - Chesterfield
2026-06,opticians practice manager - sheffield,unclassified,1,1,1,1,Zest Optical (1),Sheffield (1),South Yorkshire (1),Opticians Practice Manager - Sheffield
2026-06,"optical assistant - borehamwood - up to £28,000 bonus",unclassified,1,1,1,1,Zest Optical (1),Borehamwood (1),Other / Unknown (1),"Optical Assistant - Borehamwood - Up to £28,000 + Bonus"
2026-06,"optical practice manager - hedge end, hampshire",unclassified,1,1,1,1,Network Open Recruitment (1),Hedge End (1),Other / Unknown (1),"Optical Practice Manager - Hedge End, Hampshire"
2026-06,"optical practice manager - weymouth, dorset",unclassified,1,1,1,1,Network Open Recruitment (1),Weymouth (1),Other / Unknown (1),"Optical Practice Manager - Weymouth, Dorset"
2026-06,dispensing optician job in surrey,unclassified,1,1,1,1,Inspired Recruitment Group (1),Surrey (1),Other / Unknown (1),Dispensing Optician job in Surrey
2026-06,optometrist job in edinburgh,unclassified,1,1,1,1,Inspired Recruitment Group (1),Edinburgh (1),Other / Unknown (1),Optometrist job in Edinburgh
2026-06,dispensing optician job in gloucestershire,unclassified,1,1,1,1,Inspired Recruitment Group (1),Gloucestershire (1),Other / Unknown (1),Dispensing Optician job in Gloucestershire
2026-06,optical assistant job in milton keynes,customer_service,1,1,1,1,Inspired Recruitment Group (1),Milton Keynes (1),Other / Unknown (1),Optical Assistant job in Milton Keynes
2026-06,optical assistant job in reading,unclassified,1,1,1,1,Inspired Recruitment Group (1),Reading (1),Other / Unknown (1),Optical Assistant job in Reading
2026-06,optical assistant job in brighton,unclassified,1,1,1,1,Inspired Recruitment Group (1),Brighton (1),Other / Unknown (1),Optical Assistant job in Brighton
2026-06,optical assistant job in chelmsford,unclassified,1,1,1,1,Inspired Recruitment Group (1),Chelmsford (1),Other / Unknown (1),Optical Assistant job in Chelmsford
2026-06,optical assistant job in godalming,unclassified,1,1,1,1,Inspired Recruitment Group (1),Godalming (1),Other / Unknown (1),Optical Assistant job in Godalming
