month,normalised_title,total_count,days_seen,example_titles,likely_family
2026-06,registered manager,52,1,Registered Manager,unclassified
2026-06,complex care assistant,34,1,Complex Care Assistant,care_assistant
2026-06,optometrist,31,1,Optometrist,unclassified
2026-06,retail optical assistant,31,1,Retail Optical Assistant,customer_service
2026-06,pet care client success manager - vetsource,24,1,Pet Care Client Success Manager - Vetsource,unclassified
2026-06,support worker,24,1,Support Worker,support_worker
2026-06,veterinary business growth lead - vetsource,24,1,Veterinary Business Growth Lead - Vetsource,unclassified
2026-06,veterinary client engagement lead - vetsource,23,1,Veterinary Client Engagement Lead - Vetsource,unclassified
2026-06,veterinary client success lead - vetsource,23,1,Veterinary Client Success Lead - Vetsource,unclassified
2026-06,administrator,21,1,Administrator; Immediate Start Administrator,administrator_general
2026-06,childrens home registered manager,20,1,Childrens Home Registered Manager,unclassified
2026-06,animal wellness business manager - royal canin,19,1,Animal Wellness Business Manager - Royal Canin,sales
2026-06,veterinary client relationship manager - royal canin,19,1,Veterinary Client Relationship Manager - Royal Canin,sales
2026-06,veterinary digital partnerships manager,19,1,Veterinary Digital Partnerships Manager,unclassified
2026-06,veterinary practice business consultant - royal canin,19,1,Veterinary Practice Business Consultant - Royal Canin,sales
2026-06,veterinary practice sales representative - royal canin,19,1,Veterinary Practice Sales Representative - Royal Canin,sales
2026-06,digital veterinary business manager,18,1,Digital Veterinary Business Manager,unclassified
2026-06,veterinary business manager-digital services,18,1,Veterinary Business Manager-Digital Services,unclassified
2026-06,veterinary digital solutions manager,18,1,Veterinary Digital Solutions Manager,unclassified
2026-06,functional assessor,17,1,Functional Assessor; Functional Assessor Remote,unclassified
2026-06,hygiene operative,15,1,Hygiene Operative; Hygiene Operative - Day Shift; Hygiene Operative - Nights,unclassified
2026-06,outpatient manager,14,1,Outpatient Manager,unclassified
2026-06,registered manager- young people,14,1,Registered Manager- Young People,unclassified
2026-06,health social care assessor,13,1,Health & Social Care Assessor,unclassified
2026-06,optical assistant,13,1,Optical Assistant,unclassified
2026-06,british sign language bsl interpreter - work from home,12,1,British Sign Language (BSL) Interpreter - Work from home,unclassified
2026-06,dispensing optician,12,1,Dispensing Optician,unclassified
2026-06,ifa administrator,12,1,IFA Administrator,administrator_general
2026-06,wca nurse,12,1,WCA NURSE HYBRID,unclassified
2026-06,trainee medical technician - no experience required,11,1,Trainee Medical Technician - no experience required,unclassified
2026-06,deputy manager childrens home,10,1,Deputy Manager Childrens Home,unclassified
2026-06,female support worker,10,1,Female Support Worker,support_worker
2026-06,aug wca nurse,9,1,AUG WCA NURSE HYBRID,unclassified
2026-06,childrens residential support worker,9,1,Childrens Residential Support Worker,support_worker
2026-06,nurse unit manager,9,1,Nurse Unit Manager; Nurse Unit Manager - Days,unclassified
2026-06,occupational therapist,9,1,Occupational Therapist,unclassified
2026-06,sales administrator,9,1,Sales Administrator; Sales Administrator (Temporary),administrator_general
2026-06,veterinary account manager - royal canin,9,1,Veterinary Account Manager - Royal Canin,sales
2026-06,care assistant,8,1,Care Assistant,care_assistant
2026-06,clinical assessor,8,1,Clinical Assessor,unclassified
2026-06,customer service administrator,8,1,Customer Service Administrator; Customer service administrator,service_administrator
2026-06,hr administrator,8,1,Temporary HR Administrator; HR Administrator,administrator_general
2026-06,nurse assessor,8,1,Nurse Assessor,unclassified
2026-06,optical assistant apprentice,8,1,Optical Assistant Apprentice; Optical Assistant Apprentice-,customer_service
2026-06,pharmacy dispenser,8,1,Pharmacy Dispenser,unclassified
2026-06,pharmacy manager,8,1,Pharmacy Manager,unclassified
2026-06,registered nurse,8,1,Registered Nurse; Registered Nurse - Days,unclassified
2026-06,senior care assistant,8,1,Senior Care Assistant; Senior Care Assistant Days; Senior Care Assistant Nights,care_assistant
2026-06,senior support worker,8,1,Senior Support Worker,support_worker
2026-06,beauty therapist,7,1,Beauty Therapist,unclassified
2026-06,chemotherapy nurse,7,1,Chemotherapy Nurse,unclassified
2026-06,clinical deputy manager,7,1,Clinical Deputy Manager,unclassified
2026-06,clinical lead,7,1,Clinical Lead,unclassified
2026-06,field care supervisor,7,1,Field Care Supervisor,care_assistant
2026-06,health social care assessor- nationwide locations,7,1,Health & Social Care Assessor- Nationwide locations,unclassified
2026-06,operations administrator,7,1,Operations Administrator,administrator_general
2026-06,registered care home manager,7,1,Registered Care Home Manager,unclassified
2026-06,wca nurse assessor,7,1,WCA Nurse Assessor - Hybrid; WCA Nurse Assessor,unclassified
2026-06,aspiring educational psychologist,6,1,Aspiring Educational Psychologist,teaching_assistant
2026-06,care team leader,6,1,Care Team Leader,unclassified
2026-06,casual support worker,6,1,Casual Support Worker,support_worker
2026-06,children and young persons support worker,6,1,Children and Young Persons Support Worker,support_worker
2026-06,dispensing optician manager,6,1,Dispensing Optician Manager,unclassified
2026-06,financial planning administrator,6,1,Financial Planning Administrator,scheduler_planner
2026-06,home manager,6,1,Home Manager,unclassified
2026-06,registered manager - childrens home,6,1,Registered Manager - Childrens Home,unclassified
2026-06,residential childcare support worker,6,1,Residential Childcare Support Worker,support_worker
2026-06,senior support worker- young people,6,1,Senior Support Worker- Young People,support_worker
2026-06,111 clinical advisor - homeworking,5,1,111 Clinical Advisor - Homeworking,unclassified
2026-06,business administrator,5,1,Business Administrator - Temporary; Business Administrator,administrator_general
2026-06,community nurse,5,1,Community Nurse,unclassified
2026-06,executive assistant,5,1,Executive Assistant,unclassified
2026-06,finance administrator,5,1,Finance Administrator; Finance Administrator - Part Time,administrator_general
2026-06,healthcare assistant,5,1,Healthcare Assistant; Nights Healthcare Assistant,healthcare_assistant
2026-06,nhs 111 pathways trained clinical advisor,5,1,NHS 111 Pathways Trained Clinical Advisor - Remote,unclassified
2026-06,occupational health advisor,5,1,Occupational Health Advisor,unclassified
2026-06,psychologist,5,1,Psychologist,unclassified
2026-06,receptionist,5,1,Receptionist,unclassified
2026-06,registered manager childrens home,5,1,Registered Manager Childrens Home,unclassified
2026-06,residential childcare support worker sessional/casual,5,1,Residential Childcare Support Worker (Sessional/Casual),support_worker
2026-06,senior administrator,5,1,Senior Administrator,administrator_general
2026-06,service administrator,5,1,Service Administrator,service_administrator
2026-06,team leader,5,1,Team Leader,unclassified
2026-06,trainee optical assistant,5,1,Trainee Optical Assistant,customer_service
2026-06,accounts administrator,4,1,Accounts Administrator,administrator_general
2026-06,bank support worker,4,1,Bank Support Worker,support_worker
2026-06,care coordinator,4,1,Care Coordinator,care_coordinator
2026-06,children s social worker,4,1,Children's Social Worker,unclassified
2026-06,children s support worker,4,1,Children's Support Worker; Children's Support Worker- Nights,support_worker
2026-06,contact lens optician,4,1,Contact Lens Optician,unclassified
2026-06,healthcare assistant/ support worker,4,1,Healthcare assistant/ Support Worker; Healthcare assistant/ Support worker; Healthcare Assistant/ Support worker,support_worker
2026-06,housing officer,4,1,Housing Officer,unclassified
2026-06,nursing home manager,4,1,Nursing Home Manager,unclassified
2026-06,office administrator,4,1,Office Administrator,customer_service
2026-06,office manager,4,1,Office Manager; Contract Office Manager,unclassified
2026-06,pharmacy assistant,4,1,Pharmacy Assistant,unclassified
2026-06,pip nurse assessor,4,1,PIP Nurse Assessor - Hybrid; PIP Nurse Assessor Hybrid,unclassified
2026-06,senior children s residential support worker,4,1,Senior Children's Residential Support Worker,support_worker
2026-06,speech and language therapist,4,1,Speech and Language Therapist,unclassified
2026-06,supervising social worker,4,1,Supervising Social Worker,unclassified
2026-06,support worker - flexible hours,4,1,Support Worker - Flexible Hours,support_worker
2026-06,team leader care,4,1,Team Leader Care Nights; Team Leader Care,unclassified
2026-06,trainee dental nurse,4,1,Trainee Dental Nurse,unclassified
2026-06,vehicle technician,4,1,Vehicle Technician,unclassified
2026-06,ward manager,4,1,Ward Manager,unclassified
2026-06,adult nurse manager,3,1,Adult Nurse Manager,unclassified
2026-06,audiologist/hearing aid dispenser,3,1,Audiologist/Hearing Aid Dispenser,customer_service
2026-06,care home manager,3,1,Care Home Manager,unclassified
2026-06,care manager,3,1,Care Manager,care_assistant
2026-06,childrens home deputy manager,3,1,Childrens Home Deputy Manager,support_worker
2026-06,client services administrator,3,1,Client Services Administrator,administrator_general
2026-06,clinical advisor,3,1,Clinical Advisor,unclassified
2026-06,clinical nurse advisor,3,1,Clinical Nurse Advisor,unclassified
2026-06,clinical practitioner,3,1,Clinical Practitioner,unclassified
2026-06,community healthcare assistant,3,1,Community Healthcare Assistant,healthcare_assistant
2026-06,community support worker,3,1,Community Support Worker,support_worker
2026-06,deputy manager children s home,3,1,Deputy Manager Children's Home,unclassified
2026-06,educational psychologist,3,1,Educational Psychologist,unclassified
2026-06,family practitioner,3,1,Family Practitioner,support_worker
2026-06,financial services administrator,3,1,Financial Services Administrator,administrator_general
2026-06,housing ombudsman specialist,3,1,Temp Housing Ombudsman Specialist,unclassified
2026-06,job in,3,1,job in,unclassified
2026-06,lab technician,3,1,Lab Technician,unclassified
2026-06,night care supervisor,3,1,Night Care Supervisor,unclassified
2026-06,occupational health nurse,3,1,Occupational Health Nurse,unclassified
2026-06,occupational health nurse advisor,3,1,Occupational Health Nurse Advisor,unclassified
2026-06,pharmacist,3,1,Pharmacist,unclassified
2026-06,physiotherapist,3,1,Physiotherapist,unclassified
2026-06,pip nurse,3,1,PIP NURSE HYBRID,unclassified
2026-06,registered general nurse,3,1,Registered General Nurse,unclassified
2026-06,registered manager- childrens residential,3,1,Registered Manager- Childrens Residential,unclassified
2026-06,registered mental nurse,3,1,Registered Mental Nurse,unclassified
2026-06,registered service manager,3,1,Registered Service Manager,support_worker
2026-06,residential support worker,3,1,Residential support worker; Residential Support Worker,support_worker
2026-06,respiratory nurse advisor,3,1,Respiratory Nurse Advisor,unclassified
2026-06,scheme manager,3,1,Scheme Manager,unclassified
2026-06,senior residential childrens support worker,3,1,Senior Residential Childrens Support Worker,support_worker
2026-06,social care team facilitator,3,1,Social Care Team Facilitator,unclassified
2026-06,social worker - safeguarding,3,1,Social Worker - Safeguarding,unclassified
2026-06,administration - enhanced dbs required,2,1,Administration - enhanced DBS required,administrator_general
2026-06,administrative assistant,2,1,Administrative Assistant,unclassified
2026-06,advanced social work practitioner - east child family team,2,1,Advanced Social Work Practitioner - East Child & Family Team,unclassified
2026-06,approved mental health professional,2,1,Approved Mental Health Professional,unclassified
2026-06,assessment nurse,2,1,Assessment Nurse,unclassified
2026-06,assistant office manager,2,1,Assistant Office Manager,unclassified
2026-06,business support assistant,2,1,Business Support Assistant,unclassified
2026-06,business support officer,2,1,Business Support Officer,unclassified
2026-06,camhs consultant adhd,2,1,CAMHS Consultant ADHD,unclassified
2026-06,care night team leader,2,1,Care Night Team Leader,unclassified
2026-06,care worker,2,1,Care Worker,care_assistant
2026-06,children s home deputy manager,2,1,Children's Home Deputy Manager,unclassified
2026-06,children s residential support worker,2,1,Children's Residential Support Worker,support_worker
2026-06,childrens residential deputy manager,2,1,Childrens Residential Deputy Manager,unclassified
2026-06,clinical negligence solicitor,2,1,Clinical Negligence Solicitor,unclassified
2026-06,clinical nurse manager,2,1,Clinical Nurse Manager,unclassified
2026-06,commercial administrator,2,1,Commercial Administrator,administrator_general
2026-06,commissioning operations manager,2,1,Commissioning Operations Manager,unclassified
2026-06,community engagement officer,2,1,Community Engagement Officer,unclassified
2026-06,deputy care manager,2,1,Deputy Care Manager,support_worker
2026-06,deputy general manager - clinical,2,1,Deputy General Manager - Clinical,unclassified
2026-06,employee benefits administrator,2,1,Employee Benefits Administrator,administrator_general
2026-06,environmental health officer,2,1,Environmental Health Officer,unclassified
2026-06,female driver support worker,2,1,Female Driver Support Worker,support_worker
2026-06,foster carer,2,1,Foster Carer,care_assistant
2026-06,group regulatory administrator,2,1,Group Regulatory Administrator,administrator_general
2026-06,health care assistant,2,1,Nights Health Care Assistant,healthcare_assistant
2026-06,homecare assistant,2,1,Homecare Assistant; HomeCare Assistant,unclassified
2026-06,housing manager,2,1,Housing Manager,unclassified
2026-06,housing services manager,2,1,Housing Services Manager,unclassified
2026-06,human factors engineer,2,1,HUMAN FACTORS ENGINEER; Human Factors Engineer,unclassified
2026-06,learning support assistant,2,1,Learning Support Assistant,teaching_assistant
2026-06,legal administrator,2,1,Legal Administrator,administrator_general
2026-06,medical receptionist,2,1,Medical Receptionist,unclassified
2026-06,mental healthcare assistant,2,1,Mental Healthcare Assistant,healthcare_assistant
2026-06,mortgage administrator,2,1,Mortgage Administrator,administrator_general
2026-06,non medical prescriber,2,1,Non Medical Prescriber,unclassified
2026-06,nurse examiner,2,1,Nurse Examiner,unclassified
2026-06,ofsted registered manager children,2,1,Ofsted Registered Manager (Children),unclassified
2026-06,paediatric care assistant,2,1,Paediatric Care Assistant,healthcare_assistant
2026-06,paediatric nurse case manager,2,1,Paediatric Nurse Case Manager,unclassified
2026-06,paediatric speech and language therapist,2,1,Paediatric Speech and Language Therapist,unclassified
2026-06,pharmacist prescriber,2,1,Remote Pharmacist Prescriber,unclassified
2026-06,pip- registered nurse,2,1,PIP- REGISTERED NURSE HYBRID,unclassified
2026-06,pre-reg 2026,2,1,Pre-reg 2026,unclassified
2026-06,principal commercial officer,2,1,Principal Commercial Officer,unclassified
2026-06,principal planning officer,2,1,Principal Planning Officer,unclassified
2026-06,principal social workers - childrens services x 2 mash intake,2,1,Principal Social Workers - Childrens Services x 2 MASH Intake,unclassified
2026-06,project administrator,2,1,Project Administrator,administrator_general
2026-06,property administrator,2,1,Property Administrator,administrator_general
2026-06,psychology and criminology graduates,2,1,Psychology and Criminology Graduates,teaching_assistant
2026-06,reablement support worker,2,1,Reablement Support Worker,support_worker
2026-06,registered manager - children s home,2,1,Registered Manager - Children's Home,unclassified
2026-06,registered manager - home care,2,1,Registered Manager - Home Care,care_assistant
2026-06,registered manager young people,2,1,Registered Manager Young People,unclassified
2026-06,registered nurse rgn - bank - care home,2,1,Registered Nurse RGN - Bank - Care Home,unclassified
2026-06,registered nurse rgn - care home,2,1,Registered Nurse RGN - Care Home,unclassified
2026-06,registered nurse/paramedic-police custody - berkshire -ft/pt,2,1,Registered Nurse/Paramedic-Police Custody - Berkshire -FT/PT,unclassified
2026-06,registered veterinary nurse,2,1,Registered Veterinary Nurse - Part Time; Registered Veterinary Nurse,customer_service
2026-06,regulatory affairs specialist,2,1,Regulatory Affairs Specialist,unclassified
2026-06,relief support worker,2,1,Relief Support Worker,support_worker
