month,title,total_count,days_seen,example_region,example_company
2026-06,pet care client success manager - vetsource,68,1,East Midlands / Leicestershire,Mars
2026-06,veterinary business growth lead - vetsource,68,1,East Midlands / Leicestershire,Mars
2026-06,veterinary client success lead - vetsource,68,1,East Midlands / Leicestershire,Mars
2026-06,veterinary client engagement lead - vetsource,66,1,East Midlands / Leicestershire,Mars
2026-06,registered manager,46,1,East Midlands / Leicestershire,Leaders In Care Recruitment Ltd
2026-06,veterinary digital partnerships manager,43,1,South West England / Somerset,Mars
2026-06,digital veterinary business manager,42,1,South West England / Somerset,Mars
2026-06,veterinary business manager-digital services,42,1,South West England / Somerset,Mars
2026-06,veterinary digital solutions manager,42,1,South West England / Somerset,Mars
2026-06,optometrist,27,1,South West England / Somerset,Specsavers
2026-06,childrens home registered manager,22,1,South West England / Wiltshire,Compass Community
2026-06,functional assessor,17,1,South East England / Kent,GAIA RECRUITMENT LIMITED
2026-06,health social care assessor,17,1,West Midlands,t2 group
2026-06,hygiene operative,17,1,Other / Unknown,Pilgrims Europe
2026-06,wca nurse,14,1,South Wales,Maximus
2026-06,registered manager- young people,13,1,Other / Unknown,SCR Recruitment Services
2026-06,british sign language bsl interpreter - work from home,12,1,"North East - Tyneside, Wearside & Northumberland",Teleperformance
2026-06,deputy manager childrens home,11,1,East of England / Cambridgeshire,Hargate Healthcare Ltd
2026-06,dispensing optician,11,1,East Midlands / Northamptonshire,Specsavers
2026-06,optical assistant,11,1,South West England / Gloucestershire,Specsavers
2026-06,trainee medical technician - no experience required,11,1,South East England / Hampshire,Army
2026-06,occupational therapist,10,1,South Wales,Witherslack Group
2026-06,aug wca nurse,9,1,East Midlands / Nottinghamshire,Maximus
2026-06,nurse unit manager,9,1,Yorkshire (South),Exemplar Health Care
2026-06,pharmacy manager,9,1,East of England / Hertfordshire,Ramsay Health Care
2026-06,registered nurse,9,1,South West England / Devon,Maria Mallaband Care Group
2026-06,beauty therapist,8,1,Scotland,Superdrug
2026-06,chemotherapy nurse,8,1,South West England / Devon,Leaders In Care Recruitment Ltd
2026-06,clinical assessor,8,1,West Midlands,Donard Recruitment Ltd
2026-06,clinical lead,8,1,West Yorkshire,Cura recruitment Limited
2026-06,health social care assessor- nationwide locations,7,1,Other / Unknown,Any Other Business Solutions Limited
2026-06,nurse assessor,7,1,South East England / Buckinghamshire,GAIA RECRUITMENT LIMITED
2026-06,occupational health advisor,7,1,South West England / Somerset,Gel Resourcing Ltd
2026-06,social worker,7,1,Other / Unknown,Charles Hunter Associates
2026-06,111 clinical advisor - homeworking,6,1,London,Connaught Resourcing
2026-06,care team leader,6,1,South West England / Somerset,Crystal Care Group South West
2026-06,dispensing optician manager,6,1,London,ASDA Opticians
2026-06,pharmacy dispenser,6,1,Greater Manchester,Phoenix Medical Supplies
2026-06,supervising social worker,6,1,Other / Unknown,Charles Hunter Associates
2026-06,clinical deputy manager,5,1,Other / Unknown,Career Makers
2026-06,executive assistant,5,1,North Wales,Venta Global
2026-06,nhs 111 pathways trained clinical advisor,5,1,Other / Unknown,Connaught Resourcing
2026-06,registered care home manager,5,1,Yorkshire (West),Grace James Recruitment
2026-06,registered manager - childrens home,5,1,South East England / Kent,StartMonday
2026-06,registered manager childrens home,5,1,Other / Unknown,Candidate Source
2026-06,team leader,5,1,North Scotland,The Richmond Fellowship Scotland
2026-06,vehicle technician,5,1,West Midlands,Listers
2026-06,clinical advisor,4,1,London,Medstrom
2026-06,contact lens optician,4,1,West Midlands / Warwickshire,Specsavers
2026-06,lab technician,4,1,East Midlands / Northamptonshire,Specsavers
2026-06,pip nurse assessor,4,1,North West England / Merseyside,Maximus
2026-06,psychologist,4,1,South West England / Somerset,Witherslack Group
2026-06,receptionist,4,1,London,Wise May Ltd
2026-06,respiratory nurse advisor,4,1,South West England / Somerset,Connaught Resourcing
2026-06,speech and language therapist,4,1,East of England / Essex,Reed
2026-06,team leader care,4,1,"North East - Tyneside, Wearside & Northumberland",Care UK
2026-06,trainee dental nurse,4,1,London,NLDC LTD
2026-06,ward manager,4,1,East Midlands / Nottinghamshire,Leaders In Care Recruitment Ltd
2026-06,adult nurse manager,3,1,London,Leaders In Care Recruitment Ltd
2026-06,care home manager,3,1,Wales,Suppleo Recruitment Ltd
2026-06,child consultant psychiatrist,3,1,Yorkshire (West),Reed
2026-06,clinical nurse advisor,3,1,"North East - Tyneside, Wearside & Northumberland",Inizio
2026-06,clinical practitioner,3,1,Yorkshire (South),MSI REPRODUCTIVE CHOICES
2026-06,community nurse,3,1,South West England / Cornwall,Leaders In Care Recruitment Ltd
2026-06,educational psychologist,3,1,Other / Unknown,Leaders In Care Recruitment Ltd
2026-06,field care supervisor,3,1,South East England / Oxfordshire,Goldsmithpersonnel Ltd
2026-06,home manager,3,1,South East England / Hampshire,Find Medical
2026-06,housing manager,3,1,Yorkshire (West),Lynx Employment Services Ltd
2026-06,housing officer,3,1,South East England / Hampshire,DCV Technologies Limited
2026-06,housing ombudsman specialist,3,1,North East - Tees Valley,Hireful
2026-06,human factors engineer,3,1,South West England,Morson Edge
2026-06,independent prescriber,3,1,"North East - Tyneside, Wearside & Northumberland",MENTUS RECRUITMENT LTD
2026-06,job in,3,1,South East England / Buckinghamshire,Inspired Recruitment Group
2026-06,night care supervisor,3,1,South East England / Surrey,Signature Senior Lifestyle Operations Ltd
2026-06,nurse examiner,3,1,East of England / Bedfordshire,Vitality Corporate Services Limited
2026-06,occupational health nurse,3,1,Cumbria,Greys Specialist Recruitment
2026-06,occupational health nurse advisor,3,1,East of England / Cambridgeshire,Ecruit
2026-06,office manager,3,1,Yorkshire (West),LJ Recruitment
2026-06,operational trainer - healthcare,3,1,Cumbria,Crooton Ltd
2026-06,pharmacist,3,1,Central Scotland,Superdrug
2026-06,pip nurse,3,1,North West England / Cheshire,Maximus
2026-06,registered manager- childrens residential,3,1,Cumbria,A Wilderness Way Ltd
2026-06,scheme manager,3,1,Yorkshire (West),Hamilton Woods
2026-06,trainee optical assistant,3,1,South East England / Hampshire,Specsavers
2026-06,assistant office manager,2,1,London,Uxbridge Employment Agency
2026-06,audi vehicle technician,2,1,West Midlands / Warwickshire,Listers
2026-06,audio typist,2,1,East of England / Norfolk,Reed
2026-06,business support assistant,2,1,East Midlands / Nottinghamshire,JOB SWITCH LTD
2026-06,business support officer,2,1,London,JOB SWITCH LTD
2026-06,camhs consultant adhd,2,1,Greater Manchester,Leaders In Care Recruitment Ltd
2026-06,childrens residential deputy manager,2,1,South West,AD Recruit Limited
2026-06,clinical negligence solicitor,2,1,East of England / Suffolk,eNL Legal Recruitment
2026-06,clinical nurse manager,2,1,Greater Manchester,Exemplar Health Care
2026-06,clinical psychologist,2,1,West Midlands,Lancesoft Ltd
2026-06,commissioning operations manager,2,1,Yorkshire (South),Leaders In Care Recruitment Ltd
2026-06,deputy general manager - clinical,2,1,South East England / Hampshire,Crooton Ltd
2026-06,deputy manager children s home,2,1,South East (ex-London),North Lakes
2026-06,diagnostic sonographer - relocate to the cayman islands,2,1,South West England,Sanctuary
2026-06,environmental health officer,2,1,London,Linsco Ltd.
2026-06,forensic psychologist,2,1,London,Social Interest Group
2026-06,head of clinical services,2,1,East Midlands / Nottinghamshire,Ramsay Health Care
2026-06,housing services manager,2,1,South West England / Devon,NORTH DEVON DISTRICT COUNCIL
2026-06,mammographer,2,1,South Wales,Day Webster
2026-06,msk physiotherapist,2,1,Glasgow & West Scotland,RECRUITMENTiQ
2026-06,non medical prescriber,2,1,Other / Unknown,Hays
2026-06,nursing home manager,2,1,South East (ex-London),Medicare Recruitment Specialists Limited
2026-06,ofsted registered manager children,2,1,Yorkshire (West),360 Resourcing
2026-06,optical assistant apprentice,2,1,South East England / Surrey,Specsavers
2026-06,paediatric nurse,2,1,London,Medgen Ltd
2026-06,paediatric nurse case manager,2,1,Greater Manchester,Leaders In Care Recruitment Ltd
2026-06,paediatric speech and language therapist,2,1,South West England / Gloucestershire,Reed
2026-06,personal assistant,2,1,Wales,Reed
2026-06,pharmacist hospital,2,1,East Midlands / Lincolnshire,Phoenix Medical Supplies
2026-06,pharmacist prescriber,2,1,Greater Manchester,Reed
2026-06,physiotherapist,2,1,South East England / Hampshire,Talent Finder
2026-06,pip- registered nurse,2,1,North East - County Durham & Darlington/Hartlepool,Maximus
2026-06,pre-reg 2026,2,1,South East England / Kent,Vision Express
2026-06,principal social workers - childrens services x 2 mash intake,2,1,Wales,Hoop Social Work
2026-06,recruitment on-site operations coordinator,2,1,West Midlands,Winner Recruitment
2026-06,registered general nurse,2,1,Yorkshire (South),Cygnet Healthcare
2026-06,registered manager - children s home,2,1,South West England / Somerset,Headway
2026-06,registered manager young people,2,1,North West England / Merseyside,G &H CARE LIMITED
2026-06,registered nurse rgn - bank - care home,2,1,West Midlands / Warwickshire,Barchester Healthcare
2026-06,registered nurse rgn - care home,2,1,East of England / Cambridgeshire,Barchester Healthcare
2026-06,registered nurse/paramedic-police custody - berkshire -ft/pt,2,1,South East England / Berkshire,Mountain Healthcare Limited
2026-06,regulatory affairs specialist,2,1,London,CURE TALENT LIMITED
2026-06,senior clinical coder - acc,2,1,Other / Unknown,Ramsay Health Care
2026-06,senior recovery worker,2,1,London,Hestia Housing & Support
2026-06,senior social worker - safeguarding,2,1,South West England / Wiltshire,Leaders In Care
2026-06,senior supervising social worker,2,1,Other / Unknown,Charles Hunter Associates
2026-06,social care team facilitator,2,1,Other / Unknown,Enable Scotland
2026-06,social worker - safeguarding,2,1,Other / Unknown,Leaders In Care
2026-06,support practitioner,2,1,West Midlands / Worcestershire,HFT
2026-06,toyota vehicle technician,2,1,East Midlands / Lincolnshire,Listers
2026-06,vehicle preparation technician,2,1,West Midlands / Warwickshire,Listers
2026-06,veterinary surgeon,2,1,Wales,Nurse Seekers
2026-06,wca doctor,2,1,Greater Manchester,Maximus
2026-06,wca nurse assessor,2,1,North West England / Merseyside,Maximus
2026-06,.5-hour qualified pharmacy checking technician,1,1,Greater Manchester,Cohens Chemist
2026-06,2nd line team coordinator,1,1,London,XACT PLACEMENTS LIMITED
2026-06,42.5-hour qualified pharmacy checking technician,1,1,Greater Manchester,Cohens Chemist
2026-06,"aberystwyth optometrist role - up to £65,000 doe",1,1,South Wales,Vivid Optical
2026-06,academic quality and governance officer,1,1,South East England / Berkshire,University of the Built Environment
2026-06,accounts and administration manager,1,1,South Wales,Brook Street UK
2026-06,accounts and office assistant maternity cover,1,1,South East England / Berkshire,Airborne UK
2026-06,accounts practice - audit senior,1,1,South East England / Surrey,Ashdown Group
2026-06,accredited clinical coder,1,1,South East Coast,Blue Arrow - Eastbourne
2026-06,adhd assessor,1,1,London,Leaders In Care
2026-06,adhd prescriber,1,1,London,Leaders In Care
2026-06,admin data person,1,1,Other / Unknown,Directions Recruitment Specialists
2026-06,admin support coordinator,1,1,Greater Manchester,The Floorbrite Group
2026-06,administration assistant residential conveyancing,1,1,South West England / Gloucestershire,Thrive Group
2026-06,administration assistant trainee,1,1,East of England / Cambridgeshire,Best4Business Group
2026-06,administration associate,1,1,South West England / Wiltshire,Evlo
2026-06,administration coordinator proposals/new business,1,1,South East England / Surrey,Willmott Dixon
2026-06,administration support safeguarding,1,1,South East England / Berkshire,Next Best Move
2026-06,administration team leader,1,1,East of England / Essex,H&T Pawnbrokers
2026-06,administrative assistant,1,1,Scotland,Office Angels
2026-06,administrative assistant - property services,1,1,Yorkshire (North/East),Equals One
2026-06,administrative assistant -north london,1,1,London,Morgan Hunt Recruitment
2026-06,ados assessment - consultant psychiatrist,1,1,London,Leaders In Care Recruitment Ltd
2026-06,adult locality social worker,1,1,East Midlands / Derbyshire,Leaders In Care Recruitment Ltd
2026-06,adult s social worker,1,1,Other / Unknown,Charles Hunter Associates
2026-06,adult social care tutor / assessor,1,1,South East England / Hampshire,Trigon Recruitment Ltd
2026-06,advanced beauty therapist,1,1,London,BSR Health Recruitment Ltd
2026-06,advanced nurse practitioner,1,1,East Midlands / Northamptonshire,DHU Healthcare
2026-06,advanced practitioner children looked after,1,1,East of England / Essex,Hays
2026-06,advanced social work practitioner - east child family team,1,1,Yorkshire (West),Sanctuary Personnel
2026-06,advanced social worker child protection team,1,1,Other / Unknown,Leaders In Care
2026-06,aftercare parts co-ordinator,1,1,Greater Manchester,PPS Commercials Ltd
2026-06,anaesthetic practitioner - odp/rn,1,1,North East - Tees Valley,Ramsay Health Care
2026-06,applied behaviour analysis therapist,1,1,East of England / Essex,Academics
2026-06,approved mental health professional,1,1,Greater Manchester,Sanctuary Personnel
2026-06,asb case officer,1,1,Other / Unknown,Sellick Partnership
2026-06,aspiring psychologist,1,1,South East England / Berkshire,Academics
2026-06,asset alliance group - asset operations assistant,1,1,West Midlands,"Arbuthnot Latham & Co., Limited"
2026-06,asset data analysis intelligence technician,1,1,East of England / Bedfordshire,National Highways
2026-06,asset manager / general practice surveyor,1,1,London,TML Recruitment
2026-06,assistant head of income projects,1,1,South East (ex-London),University of Salford
2026-06,assistant manager job in north yorkshire,1,1,Other / Unknown,Inspired Recruitment Group
2026-06,assistant operations business manager,1,1,South East England / Buckinghamshire,Fairhive Homes
2026-06,assistant operations business manager - gas,1,1,South East England / Buckinghamshire,Fairhive Homes
2026-06,assistant technical co-ordinator / chemist,1,1,Yorkshire (South),FCC Environment
2026-06,audit assistant manager - international audit team,1,1,London,BDO
2026-06,audit general practice manager,1,1,London,BV Recruitment Ltd
2026-06,aug wca doctor,1,1,West Midlands,Maximus
2026-06,autism assessor,1,1,London,Leaders In Care
2026-06,autocad or revit technician,1,1,East of England / Essex,Streamline Search Limited
2026-06,band 5 community nurse,1,1,South West England / Devon,Vivid Healthcare Search Limited
2026-06,band 5 mmt pharmacy technician,1,1,London,Day Webster
2026-06,band 5 rgn,1,1,North West England / Cheshire,Randstad Care
2026-06,band 5 rgn - emergency department nurse,1,1,Lancashire,Randstad Care
2026-06,band 5 rgn general nurse day shifts,1,1,North West England / Cheshire,Randstad Care
2026-06,band-5 rmn,1,1,Cumbria,Randstad Care
2026-06,bank clinical pharmacist,1,1,London,Florence Nightingale Hospital Limited
2026-06,bank personal assistant,1,1,West Midlands / Warwickshire,Solo Support Services Ltd
2026-06,barristers clerk personal injury and clinical negligence,1,1,Greater Manchester,St Johns Buildings
2026-06,behaviour support mentor - reading,1,1,South East England / Berkshire,Academics
2026-06,biomedical scientist band 7 hcpc registered,1,1,London,Total Assist Recruitment
2026-06,block manager - watford barking,1,1,East of England / Hertfordshire,ProperTies Living Limited
