source_row,title,classification,priority,reason,review_status,python_rule_candidate,notes
1,Acting Senior Support Worker,HARD_PASS,3,senior/lead/team leader/deputy role,STABLE,YES,
2,Administration & Sales Support Assistant,HARD_PASS,3,manager/coordinator/officer/admin/business support,STABLE,YES,
3,Administrative Support Assistant,HARD_PASS,3,manager/coordinator/officer/admin/business support,STABLE,YES,
4,Adult Support Worker,HIGH_CONFIDENCE,1,core Support Worker wording,STABLE,YES,
5,"Adult Support Workers - Shaftesbury, Dorset",HIGH_CONFIDENCE,1,core Support Worker wording,STABLE,YES,
6,Agency Support Worker,ELASTIC_FIT,2,demoted from HC in V10 cleanup: elastic modifier: agency,STABLE,YES,
7,ALN Support Worker,HARD_PASS,3,education/school/SEN/SEMH/teacher,STABLE,YES,
8,ASD Support Assistant - Thatcham,HARD_PASS,3,education/school/SEN/SEMH/teacher,STABLE,YES,
9,Assistant Housing support worker,HARD_PASS,3,housing/homelessness/tenancy,STABLE,YES,
10,Autism Practitioner (Support Workers),HIGH_CONFIDENCE,1,autism practitioner explicitly labelled support worker,STABLE,YES,
11,"Autism Practitioners (Support Worker) - Ridgepark, Lanark",HIGH_CONFIDENCE,1,autism practitioner explicitly labelled support worker,STABLE,YES,
12,Autism Practitioners (Support Workers),HIGH_CONFIDENCE,1,autism practitioner explicitly labelled support worker,STABLE,YES,
13,Autism Support Assistant,ELASTIC_FIT,2,support assistant/practitioner; adjacent to support-worker search term,REVIEW,NO - review first,
14,Autism Support Worker,HIGH_CONFIDENCE,1,core Support Worker wording,STABLE,YES,
15,Autism Support Worker - Thatcham,HIGH_CONFIDENCE,1,core Support Worker wording,STABLE,YES,
16,Bank - Childrens Residential Support Worker,ELASTIC_FIT,2,"demoted from HC in V10 cleanup: elastic modifier: bank, residential",STABLE,YES,
17,Bank Care Support Worker - Chaplin,ELASTIC_FIT,2,demoted from HC in V10 cleanup: elastic modifier: bank,STABLE,YES,
18,Bank Female Care Support Worker - Hockers Lane,ELASTIC_FIT,2,demoted from HC in V10 cleanup: elastic modifier: bank,STABLE,YES,
19,Bank Female Support Worker - Cozenton,ELASTIC_FIT,2,demoted from HC in V10 cleanup: elastic modifier: bank,STABLE,YES,
20,Bank Healthcare Support Worker,ELASTIC_FIT,2,demoted from HC in V10 cleanup: elastic modifier: bank,STABLE,YES,
21,Bank Housing Support Worker,HARD_PASS,3,housing/homelessness/tenancy,STABLE,YES,
22,Bank Mental Health Recovery Support Worker - Hereford,ELASTIC_FIT,2,demoted from HC in V10 cleanup: elastic modifier: bank,STABLE,YES,
23,Bank Recovery Support Worker - Mental Health - Morecambe Coach House,ELASTIC_FIT,2,demoted from HC in V10 cleanup: elastic modifier: bank,STABLE,YES,
24,Bank Residential Care Worker,ELASTIC_FIT,2,residential childcare/care worker without support-worker wording,REVIEW,NO - review first,
25,Bank Residential Support Worker,ELASTIC_FIT,2,"demoted from HC in V10 cleanup: elastic modifier: bank, residential",STABLE,YES,
26,Bank SEN Adult Support Workers - Day or Night 0063,HARD_PASS,3,education/school/SEN/SEMH/teacher,STABLE,YES,
27,Bank SEN Children's Support Workers- Day or Night 0059,HARD_PASS,3,education/school/SEN/SEMH/teacher,STABLE,YES,
28,Bank Support Worker,ELASTIC_FIT,2,demoted from HC in V10 cleanup: elastic modifier: bank,STABLE,YES,
29,Bank Support Worker - Doncaster,ELASTIC_FIT,2,demoted from HC in V10 cleanup: elastic modifier: bank,STABLE,YES,
30,Bank Support Worker - Hamilton and Blantyre,ELASTIC_FIT,2,demoted from HC in V10 cleanup: elastic modifier: bank,STABLE,YES,
31,Bank Support Worker (Night Shift),ELASTIC_FIT,2,demoted from HC in V10 cleanup: elastic modifier: bank,STABLE,YES,
32,Bank Support Worker/ Bank Waking Night Support Worker,ELASTIC_FIT,2,"demoted from HC in V10 cleanup: elastic modifier: bank, waking night, night support",STABLE,YES,
33,Behavior Support Assistant - Slough,ELASTIC_FIT,2,support assistant/practitioner; adjacent to support-worker search term,REVIEW,NO - review first,
34,Behavior Support Assistant - Wantage,ELASTIC_FIT,2,support assistant/practitioner; adjacent to support-worker search term,REVIEW,NO - review first,
35,Behaviour Support Assistant,ELASTIC_FIT,2,support assistant/practitioner; adjacent to support-worker search term,REVIEW,NO - review first,
36,Behaviour Support Assistant - Oxford,ELASTIC_FIT,2,support assistant/practitioner; adjacent to support-worker search term,REVIEW,NO - review first,
37,Behaviour Support Assistant (Challenging Behaviour),ELASTIC_FIT,2,support assistant/practitioner; adjacent to support-worker search term,REVIEW,NO - review first,
38,Behaviour Support Assistant (SEMH Focus),HARD_PASS,3,education/school/SEN/SEMH/teacher,STABLE,YES,
39,Behaviour Support Worker,REVIEW_CONTEXT_DEPENDENT,50,demoted from HC in V10 cleanup: specialist/context-dependent title marker: behaviour,REVIEW,NO - review first,
40,Behaviour Support Worker - Newbury,REVIEW_CONTEXT_DEPENDENT,50,demoted from HC in V10 cleanup: specialist/context-dependent title marker: behaviour,REVIEW,NO - review first,
41,Business Support Assistant,HARD_PASS,3,manager/coordinator/officer/admin/business support,STABLE,YES,
42,Business Support Assistant - Remote,HARD_PASS,3,manager/coordinator/officer/admin/business support,STABLE,YES,
43,Café Support Worker,HIGH_CONFIDENCE,1,core Support Worker wording,STABLE,YES,
44,Care Assistant,HIGH_CONFIDENCE,1,care assistant/worker frontline wording,STABLE,YES,
45,Care Assistant - Bank - Care Home,ELASTIC_FIT,2,demoted from HC in V10 cleanup: elastic modifier: bank,STABLE,YES,
46,Care Assistant - Care Home,HIGH_CONFIDENCE,1,care assistant/worker frontline wording,STABLE,YES,
47,Care Assistant - Complex Care,ELASTIC_FIT,2,demoted from HC in V10 cleanup: elastic modifier: complex care,STABLE,YES,
48,Care Assistant - Contracted Hours,HIGH_CONFIDENCE,1,care assistant/worker frontline wording,STABLE,YES,
49,Care Assistant - Cromer,HIGH_CONFIDENCE,1,care assistant/worker frontline wording,STABLE,YES,
50,Care Assistant - Days,HIGH_CONFIDENCE,1,care assistant/worker frontline wording,STABLE,YES,
51,Care Assistant - Elderly Care,HIGH_CONFIDENCE,1,care assistant/worker frontline wording,STABLE,YES,
52,Care Assistant - Lewes,HIGH_CONFIDENCE,1,care assistant/worker frontline wording,STABLE,YES,
53,Care Assistant - North Walsham,HIGH_CONFIDENCE,1,care assistant/worker frontline wording,STABLE,YES,
54,Care Assistant - Paid Travel Time,HIGH_CONFIDENCE,1,care assistant/worker frontline wording,STABLE,YES,
55,Care Assistant - Training provided,HIGH_CONFIDENCE,1,care assistant/worker frontline wording,STABLE,YES,
56,Care Assistant - Waking Nights,ELASTIC_FIT,2,"demoted from HC in V10 cleanup: elastic modifier: waking night, nights",STABLE,YES,
57,Care Assistant - Weekends,HIGH_CONFIDENCE,1,care assistant/worker frontline wording,STABLE,YES,
58,Care Assistant (Block Pay),HIGH_CONFIDENCE,1,care assistant/worker frontline wording,STABLE,YES,
59,Care Assistant (Community Care),HIGH_CONFIDENCE,1,care assistant/worker frontline wording,STABLE,YES,
60,Care Assistant (Weekends only),HIGH_CONFIDENCE,1,care assistant/worker frontline wording,STABLE,YES,
61,Care Assistant Dayshift - Arlington,HIGH_CONFIDENCE,1,care assistant/worker frontline wording,STABLE,YES,
62,Care Assistant Dayshift Our Ladys,HIGH_CONFIDENCE,1,care assistant/worker frontline wording,STABLE,YES,
63,Care Assistant for University Student Studying Aerospace Engineering,HIGH_CONFIDENCE,1,care assistant/worker frontline wording,STABLE,YES,
64,Care Assistant Nights,ELASTIC_FIT,2,demoted from HC in V10 cleanup: elastic modifier: nights,STABLE,YES,
65,Care Assistant Nightshift Our Ladys,ELASTIC_FIT,2,"demoted from HC in V10 cleanup: elastic modifier: nights, nightshift",STABLE,YES,
66,Care Assistant to a Creative Writing & English Literature Graduate,HIGH_CONFIDENCE,1,care assistant/worker frontline wording,STABLE,YES,
67,Care Assistant Waking Night,ELASTIC_FIT,2,demoted from HC in V10 cleanup: elastic modifier: waking night,STABLE,YES,
68,Care Assistant- Scottish Islands,HIGH_CONFIDENCE,1,care assistant/worker frontline wording,STABLE,YES,
69,Care Assistant/ Care Shift Manager,HARD_PASS,3,manager/coordinator/officer/admin/business support,STABLE,YES,
70,Care assistant/ Support worker,HIGH_CONFIDENCE,1,core Support Worker wording,STABLE,YES,
71,Care Assistants,HIGH_CONFIDENCE,1,care assistant/worker frontline wording,STABLE,YES,
72,Care Manager / Senior Support Worker,HARD_PASS,3,senior/lead/team leader/deputy role,STABLE,YES,
73,Care Support Worker,HIGH_CONFIDENCE,1,core Support Worker wording,STABLE,YES,
74,Care Support Worker - Angus - Swindon,HIGH_CONFIDENCE,1,core Support Worker wording,STABLE,YES,
75,"Care Support Worker - Balby, Doncaster",HIGH_CONFIDENCE,1,core Support Worker wording,STABLE,YES,
76,"Care Support Worker - Bentley, Doncaster",HIGH_CONFIDENCE,1,core Support Worker wording,STABLE,YES,
77,Care Support Worker - Clacton,HIGH_CONFIDENCE,1,core Support Worker wording,STABLE,YES,
78,Care Support Worker - Clay Cross,HIGH_CONFIDENCE,1,core Support Worker wording,STABLE,YES,
79,Care Support Worker - Plymouth,HIGH_CONFIDENCE,1,core Support Worker wording,STABLE,YES,
80,Care Support Worker - Southampton,HIGH_CONFIDENCE,1,core Support Worker wording,STABLE,YES,
81,Care Support Worker - Sutton-in-Ashfield,HIGH_CONFIDENCE,1,core Support Worker wording,STABLE,YES,
82,"Care Support Worker - Woodlands, Doncaster",HIGH_CONFIDENCE,1,core Support Worker wording,STABLE,YES,
83,Care Worker,HIGH_CONFIDENCE,1,care assistant/worker frontline wording,STABLE,YES,
84,Care Worker - Full & Part-Time,HIGH_CONFIDENCE,1,care assistant/worker frontline wording,STABLE,YES,
85,Care Worker - Full and Part-Time,HIGH_CONFIDENCE,1,care assistant/worker frontline wording,STABLE,YES,
86,Care Worker - Full and Part-Time available,HIGH_CONFIDENCE,1,care assistant/worker frontline wording,STABLE,YES,
87,Care Worker - Part-Time,HIGH_CONFIDENCE,1,care assistant/worker frontline wording,STABLE,YES,
88,Care Worker - Part-Time - Test Only,HIGH_CONFIDENCE,1,care assistant/worker frontline wording,STABLE,YES,
89,Care Worker - Relief,ELASTIC_FIT,2,demoted from HC in V10 cleanup: elastic modifier: relief,STABLE,YES,
90,Care Worker (Part-Time) Swaffham & Dereham,HIGH_CONFIDENCE,1,care assistant/worker frontline wording,STABLE,YES,
91,Carer Support Worker,HIGH_CONFIDENCE,1,core Support Worker wording,STABLE,YES,
92,Casual Family Support Worker,ELASTIC_FIT,2,family/youth/young-person support role; adjacent not core care slice,REVIEW,NO - review first,
93,Casual Housing Support Worker - Whitley Bay,HARD_PASS,3,housing/homelessness/tenancy,STABLE,YES,
94,Casual Support Worker,ELASTIC_FIT,2,demoted from HC in V10 cleanup: elastic modifier: casual,STABLE,YES,
95,Challenging Behaviour Support Assistant,ELASTIC_FIT,2,support assistant/practitioner; adjacent to support-worker search term,REVIEW,NO - review first,
96,Child & Youth Support Worker,ELASTIC_FIT,2,family/youth/young-person support role; adjacent not core care slice,REVIEW,NO - review first,
97,Child Healthcare Worker looking to move into Primary School,HARD_PASS,3,education/school/SEN/SEMH/teacher,STABLE,YES,
98,Child Support Worker,HIGH_CONFIDENCE,1,core Support Worker wording,STABLE,YES,
99,Child Support Worker (school-based),HARD_PASS,3,education/school/SEN/SEMH/teacher,STABLE,YES,
100,Childlren and Young People Support Worker,ELASTIC_FIT,2,family/youth/young-person support role; adjacent not core care slice,REVIEW,NO - review first,
101,Children and Young Adults Support Worker 0060,HIGH_CONFIDENCE,1,core Support Worker wording,STABLE,YES,
102,Children and Young People Support Worker,ELASTIC_FIT,2,family/youth/young-person support role; adjacent not core care slice,REVIEW,NO - review first,
103,Children and Young People Support Worker - Family Supervision,ELASTIC_FIT,2,family/youth/young-person support role; adjacent not core care slice,REVIEW,NO - review first,
104,Children and Young People Support Worker - Mental Health,ELASTIC_FIT,2,family/youth/young-person support role; adjacent not core care slice,REVIEW,NO - review first,
105,Children and Young Peoples Learning Support Worker (Autism),ELASTIC_FIT,2,learning support worker ambiguous unless learning disability is explicit,REVIEW,NO - review first,
106,Children and Young Person's Support Worker (North East),HIGH_CONFIDENCE,1,core Support Worker wording,STABLE,YES,
107,Children and Young Persons Support Worker,ELASTIC_FIT,2,family/youth/young-person support role; adjacent not core care slice,REVIEW,NO - review first,
108,Children Residential Senior Support Worker,HARD_PASS,3,senior/lead/team leader/deputy role,STABLE,YES,
109,Children Residential Support Worker,ELASTIC_FIT,2,demoted from HC in V10 cleanup: elastic modifier: residential,STABLE,YES,
110,Children Residential Support Workers,ELASTIC_FIT,2,demoted from HC in V10 cleanup: elastic modifier: residential,STABLE,YES,
111,Children Support Worker,HIGH_CONFIDENCE,1,core Support Worker wording,STABLE,YES,
112,Children's Health Care Assistant,HIGH_CONFIDENCE,1,care assistant/worker frontline wording,STABLE,YES,
113,Children's Home Senior Residential Care Worker- Melksham,HARD_PASS,3,senior/lead/team leader/deputy role,STABLE,YES,
114,Children's Residential Support Worker,ELASTIC_FIT,2,demoted from HC in V10 cleanup: elastic modifier: residential,STABLE,YES,
115,Children's Residential Support Workers with CPI training,ELASTIC_FIT,2,demoted from HC in V10 cleanup: elastic modifier: residential,STABLE,YES,
116,Children's Senior Support Worker,HARD_PASS,3,senior/lead/team leader/deputy role,STABLE,YES,
117,Children's Support Worker,HIGH_CONFIDENCE,1,core Support Worker wording,STABLE,YES,
118,Childrens Care Assistant,HIGH_CONFIDENCE,1,care assistant/worker frontline wording,STABLE,YES,
119,Childrens Emotional Wellbeing Support Worker,HIGH_CONFIDENCE,1,core Support Worker wording,STABLE,YES,
120,Childrens Residential Care Worker,ELASTIC_FIT,2,residential childcare/care worker without support-worker wording,REVIEW,NO - review first,
121,Childrens Residential Senior Support Worker,HARD_PASS,3,senior/lead/team leader/deputy role,STABLE,YES,
122,Childrens Residential Support Worker,ELASTIC_FIT,2,demoted from HC in V10 cleanup: elastic modifier: residential,STABLE,YES,
123,Childrens Residential Support Worker (Bank),ELASTIC_FIT,2,"demoted from HC in V10 cleanup: elastic modifier: bank, residential",STABLE,YES,
124,Childrens Senior Support Worker,HARD_PASS,3,senior/lead/team leader/deputy role,STABLE,YES,
125,Childrens Support Worker,HIGH_CONFIDENCE,1,core Support Worker wording,STABLE,YES,
126,Communication Support Worker,HIGH_CONFIDENCE,1,core Support Worker wording,STABLE,YES,
127,Community Care Assistant,HIGH_CONFIDENCE,1,care assistant/worker frontline wording,STABLE,YES,
128,Community health care assistant,HIGH_CONFIDENCE,1,care assistant/worker frontline wording,STABLE,YES,
129,Community Healthcare Assistant,HIGH_CONFIDENCE,1,care assistant/worker frontline wording,STABLE,YES,
130,Community Outreach Support Worker - Mental Health,HIGH_CONFIDENCE,1,core Support Worker wording,STABLE,YES,
131,Community Support Worker,HIGH_CONFIDENCE,1,core Support Worker wording,STABLE,YES,
132,Community Support Worker - Dumfries & Galloway,HIGH_CONFIDENCE,1,core Support Worker wording,STABLE,YES,
133,Community Support Worker (Driver),HARD_PASS,3,driver/transport requirement,STABLE,YES,
134,Community Support Worker Driver,HARD_PASS,3,driver/transport requirement,STABLE,YES,
135,Comples Needs Support Worker,HIGH_CONFIDENCE,1,core Support Worker wording,STABLE,YES,
136,Comples Needs Support Worker - Weekend,HIGH_CONFIDENCE,1,core Support Worker wording,STABLE,YES,
137,Complex Care Assistant,ELASTIC_FIT,2,demoted from HC in V10 cleanup: elastic modifier: complex care,STABLE,YES,
138,Complex Care Support Worker,ELASTIC_FIT,2,demoted from HC in V10 cleanup: elastic modifier: complex care,STABLE,YES,
139,Complex Care Support Worker - Mansfield - Days,ELASTIC_FIT,2,demoted from HC in V10 cleanup: elastic modifier: complex care,STABLE,YES,
140,Complex Needs Support Worker - Thatcham,HIGH_CONFIDENCE,1,core Support Worker wording,STABLE,YES,
141,Crisis Recovery Worker,ELASTIC_FIT,2,recovery/outreach/key/project/enabling worker without support-worker wording,REVIEW,NO - review first,
142,Crisis Support Worker,HIGH_CONFIDENCE,1,core Support Worker wording,STABLE,YES,
143,Day Care Assistant,HIGH_CONFIDENCE,1,care assistant/worker frontline wording,STABLE,YES,
144,Day Care Assistant - Home Support Team,HIGH_CONFIDENCE,1,care assistant/worker frontline wording,STABLE,YES,
145,Day Service Support Worker,HIGH_CONFIDENCE,1,core Support Worker wording,STABLE,YES,
146,Day Support Worker,HIGH_CONFIDENCE,1,core Support Worker wording,STABLE,YES,
147,Discharge Support Worker,HIGH_CONFIDENCE,1,core Support Worker wording,STABLE,YES,
148,Domestic Abuse and Refuge Support Worker,HIGH_CONFIDENCE,1,core Support Worker wording,STABLE,YES,
149,Domestic Abuse Support Worker,HIGH_CONFIDENCE,1,core Support Worker wording,STABLE,YES,
150,Domestic Abuse Support Worker (Advocate),HIGH_CONFIDENCE,1,core Support Worker wording,STABLE,YES,
151,Domestic Care Assistant,HIGH_CONFIDENCE,1,care assistant/worker frontline wording,STABLE,YES,
152,Domiciliary Care Assistant,HIGH_CONFIDENCE,1,care assistant/worker frontline wording,STABLE,YES,
153,Domiciliary Care Worker,HIGH_CONFIDENCE,1,care assistant/worker frontline wording,STABLE,YES,
154,Domiciliary Care Worker - Driving Licence - Mileage Paid,HARD_PASS,3,driver/transport requirement,STABLE,YES,
155,Domiciliary Care Worker - Mileage Paid,HIGH_CONFIDENCE,1,care assistant/worker frontline wording,STABLE,YES,
156,Driver / Day Care Assistant,HARD_PASS,3,driver/transport requirement,STABLE,YES,
157,DVA Support Worker - For Male Survivors of Domestic Abuse,HIGH_CONFIDENCE,1,core Support Worker wording,STABLE,YES,
158,Education Support Worker,HARD_PASS,3,education/school/SEN/SEMH/teacher,STABLE,YES,
159,Educational Support Worker,HARD_PASS,3,education/school/SEN/SEMH/teacher,STABLE,YES,
160,Emergency Support Worker (Darlington),HIGH_CONFIDENCE,1,core Support Worker wording,STABLE,YES,
161,Emergency Support Worker (Wigan),HIGH_CONFIDENCE,1,core Support Worker wording,STABLE,YES,
162,Emergency Support Worker (Wrexham),HIGH_CONFIDENCE,1,core Support Worker wording,STABLE,YES,
163,Emotional Support Worker - Oxford,HIGH_CONFIDENCE,1,core Support Worker wording,STABLE,YES,
164,Experienced Agency Healthcare Assistant UK Healthcare,ELASTIC_FIT,2,demoted from HC in V10 cleanup: elastic modifier: agency,STABLE,YES,
165,Experienced Agency Support Workers UK Healthcare,ELASTIC_FIT,2,demoted from HC in V10 cleanup: elastic modifier: agency,STABLE,YES,
166,Experienced Childrens Residential Support Workers Agency Work,ELASTIC_FIT,2,"demoted from HC in V10 cleanup: elastic modifier: agency, residential",STABLE,YES,
167,Extra Care Support Worker,HIGH_CONFIDENCE,1,core Support Worker wording,STABLE,YES,
168,Family Assessment Support Worker,ELASTIC_FIT,2,family/youth/young-person support role; adjacent not core care slice,REVIEW,NO - review first,
169,Family Support Worker,ELASTIC_FIT,2,family/youth/young-person support role; adjacent not core care slice,REVIEW,NO - review first,
170,"Family Support Worker, Trafford Council",ELASTIC_FIT,2,family/youth/young-person support role; adjacent not core care slice,REVIEW,NO - review first,
171,"Family Support Worker, Wakefield Council",ELASTIC_FIT,2,family/youth/young-person support role; adjacent not core care slice,REVIEW,NO - review first,
172,Female Bank Support Worker,ELASTIC_FIT,2,demoted from HC in V10 cleanup: elastic modifier: bank,STABLE,YES,
173,Female Bengali-Speaking Relief Extra Care Worker,ELASTIC_FIT,2,demoted from HC in V10 cleanup: elastic modifier: relief,STABLE,YES,
174,Female Care Support Worker,HIGH_CONFIDENCE,1,core Support Worker wording,STABLE,YES,
175,"Female Care Support Worker - Intake, Doncaster",HIGH_CONFIDENCE,1,core Support Worker wording,STABLE,YES,
176,Female Extra Care Support Worker,HIGH_CONFIDENCE,1,core Support Worker wording,STABLE,YES,
177,Female Healthcare Assistant,HIGH_CONFIDENCE,1,care assistant/worker frontline wording,STABLE,YES,
178,Female Outreach Worker - Driver Required,HARD_PASS,3,driver/transport requirement,STABLE,YES,
179,Female Paediatric Healthcare Assistant,HIGH_CONFIDENCE,1,care assistant/worker frontline wording,STABLE,YES,
180,Female Regional Support Worker,HIGH_CONFIDENCE,1,core Support Worker wording,STABLE,YES,
181,Female Relief Extra Care Support Worker,ELASTIC_FIT,2,demoted from HC in V10 cleanup: elastic modifier: relief,STABLE,YES,
182,Female Relief Support Worker,ELASTIC_FIT,2,demoted from HC in V10 cleanup: elastic modifier: relief,STABLE,YES,
183,Female Senior Support Worker,HARD_PASS,3,senior/lead/team leader/deputy role,STABLE,YES,
184,Female Support Practitioner (UK Driving Licence),HARD_PASS,3,driver/transport requirement,STABLE,YES,
185,Female Support Worker,HIGH_CONFIDENCE,1,core Support Worker wording,STABLE,YES,
186,Female Support Worker - Berwick upon Tweed,HIGH_CONFIDENCE,1,core Support Worker wording,STABLE,YES,
187,Female Support Worker - Complex Needs,HIGH_CONFIDENCE,1,core Support Worker wording,STABLE,YES,
188,Female Support Worker - Haverfordwest,HIGH_CONFIDENCE,1,core Support Worker wording,STABLE,YES,
189,Female Support Worker - Leyland,HIGH_CONFIDENCE,1,core Support Worker wording,STABLE,YES,
190,Female Support Worker - Llanidloes,HIGH_CONFIDENCE,1,core Support Worker wording,STABLE,YES,
191,Female Support Worker - Maternity Cover,HIGH_CONFIDENCE,1,core Support Worker wording,STABLE,YES,
192,Female Support Worker - Merthyr Tydfil,HIGH_CONFIDENCE,1,core Support Worker wording,STABLE,YES,
193,Female Support Worker - Swansea,HIGH_CONFIDENCE,1,core Support Worker wording,STABLE,YES,
194,Female Support Worker (Driver's needed),HARD_PASS,3,driver/transport requirement,STABLE,YES,
195,Female Support Worker (Maternity Cover),HIGH_CONFIDENCE,1,core Support Worker wording,STABLE,YES,
196,Female Support Worker / Manual Driver,HARD_PASS,3,driver/transport requirement,STABLE,YES,
197,Female Support Worker 2:1 Wisbech - Kinderley,HIGH_CONFIDENCE,1,core Support Worker wording,STABLE,YES,
198,Female Support Worker Driver,HARD_PASS,3,driver/transport requirement,STABLE,YES,
199,Female Support Worker Driver Specific,HARD_PASS,3,driver/transport requirement,STABLE,YES,
200,Female Support Worker Llanidloes,HIGH_CONFIDENCE,1,core Support Worker wording,STABLE,YES,
201,Female Support Worker Maternity Cover,HIGH_CONFIDENCE,1,core Support Worker wording,STABLE,YES,
202,Female Support Worker Merthyr Tydfil,HIGH_CONFIDENCE,1,core Support Worker wording,STABLE,YES,
203,Female Support Worker Must Be Driver,HARD_PASS,3,driver/transport requirement,STABLE,YES,
204,Female Wake Night Support Worker,ELASTIC_FIT,2,"demoted from HC in V10 cleanup: elastic modifier: wake night, night support",STABLE,YES,
205,Female Wake Night Support Workers - Plymouth,ELASTIC_FIT,2,"demoted from HC in V10 cleanup: elastic modifier: wake night, night support",STABLE,YES,
206,Female Waking Night Support Worker,ELASTIC_FIT,2,"demoted from HC in V10 cleanup: elastic modifier: waking night, night support",STABLE,YES,
207,Floating Support Worker,HIGH_CONFIDENCE,1,core Support Worker wording,STABLE,YES,
208,Foster Carer - Autism Support Worker,HARD_PASS,3,"foster carer route, not support-worker slice",STABLE,YES,
209,Foster Carer - Education Outreach Worker,HARD_PASS,3,education/school/SEN/SEMH/teacher,STABLE,YES,
210,Foster Carer - Family Support Worker,HARD_PASS,3,"foster carer route, not support-worker slice",STABLE,YES,
211,Foster Carer - Reablement Worker,HARD_PASS,3,"foster carer route, not support-worker slice",STABLE,YES,
212,Foster Carer - Residential Childcare Worker,HARD_PASS,3,"foster carer route, not support-worker slice",STABLE,YES,
213,Foster Carer - Short Breaks Support Worker,HARD_PASS,3,"foster carer route, not support-worker slice",STABLE,YES,
214,Foster Carer Support Worker,HARD_PASS,3,"foster carer route, not support-worker slice",STABLE,YES,
215,Full-time Support Worker,HIGH_CONFIDENCE,1,core Support Worker wording,STABLE,YES,
216,GP Healthcare Assistant (HCA),HIGH_CONFIDENCE,1,care assistant/worker frontline wording,STABLE,YES,
217,Health & Social Care Workers - SEND School,HARD_PASS,3,education/school/SEN/SEMH/teacher,STABLE,YES,
218,Health Care Assistant /Minibus Driver,HARD_PASS,3,driver/transport requirement,STABLE,YES,
219,Health Support Worker - Deaf Services,HIGH_CONFIDENCE,1,core Support Worker wording,STABLE,YES,
220,Healthcare assistant,HIGH_CONFIDENCE,1,care assistant/worker frontline wording,STABLE,YES,
221,Healthcare Assistant - Driver,HARD_PASS,3,driver/transport requirement,STABLE,YES,
222,Healthcare Assistant Driver,HARD_PASS,3,driver/transport requirement,STABLE,YES,
223,Healthcare Assistant Nights,ELASTIC_FIT,2,demoted from HC in V10 cleanup: elastic modifier: nights,STABLE,YES,
224,Healthcare Support Worker,HIGH_CONFIDENCE,1,core Support Worker wording,STABLE,YES,
225,Hearing Care Assistant,HIGH_CONFIDENCE,1,care assistant/worker frontline wording,STABLE,YES,
226,"Hearing Care Assistant, Cumbria",HIGH_CONFIDENCE,1,care assistant/worker frontline wording,STABLE,YES,
227,Home Care Support Worker - £17 p/h,HIGH_CONFIDENCE,1,core Support Worker wording,STABLE,YES,
228,Home Care Worker,HIGH_CONFIDENCE,1,care assistant/worker frontline wording,STABLE,YES,
229,Homecare Assistant,HIGH_CONFIDENCE,1,care assistant/worker frontline wording,STABLE,YES,
230,Homecare Assistant - SEN Experience with children,HARD_PASS,3,education/school/SEN/SEMH/teacher,STABLE,YES,
231,Homecare Assistant Drivers Only,HARD_PASS,3,driver/transport requirement,STABLE,YES,
232,"Homecare Assistant, Female, Driver. No sponsorships",HARD_PASS,3,driver/transport requirement,STABLE,YES,
233,Homeless Service Support Worker,HARD_PASS,3,housing/homelessness/tenancy,STABLE,YES,
234,Homeless Support Worker,HARD_PASS,3,housing/homelessness/tenancy,STABLE,YES,
235,Homelessness Support Worker,HARD_PASS,3,housing/homelessness/tenancy,STABLE,YES,
236,Hourly Care Assistant for Aerospace Engineering,HIGH_CONFIDENCE,1,care assistant/worker frontline wording,STABLE,YES,
237,Hourly Personal Care Assistant,HIGH_CONFIDENCE,1,care assistant/worker frontline wording,STABLE,YES,
238,Housing Support Worker,HARD_PASS,3,housing/homelessness/tenancy,STABLE,YES,
239,Housing Support Worker - ADHOC Shifts - Whitley Bay,HARD_PASS,3,housing/homelessness/tenancy,STABLE,YES,
240,Housing Support Worker - Bishop Auckland - ADHOC Shifts,HARD_PASS,3,housing/homelessness/tenancy,STABLE,YES,
241,Housing Support Worker - Days - Durham - £13.72,HARD_PASS,3,housing/homelessness/tenancy,STABLE,YES,
242,Housing Support Worker - Days - Gateshead,HARD_PASS,3,housing/homelessness/tenancy,STABLE,YES,
243,Housing Support Worker - Days - Tow Law - £13.72,HARD_PASS,3,housing/homelessness/tenancy,STABLE,YES,
244,Housing Support Worker - Days - Wallsend - £13.72,HARD_PASS,3,housing/homelessness/tenancy,STABLE,YES,
245,Housing Support Worker - Durham - Days,HARD_PASS,3,housing/homelessness/tenancy,STABLE,YES,
246,Housing Support Worker - Durham - Lates and Evenings,HARD_PASS,3,housing/homelessness/tenancy,STABLE,YES,
247,Housing Support Worker - Durham - Nights,HARD_PASS,3,housing/homelessness/tenancy,STABLE,YES,
248,Housing Support Worker - Lates - Tow Law - £13.72,HARD_PASS,3,housing/homelessness/tenancy,STABLE,YES,
249,Housing Support Worker - Lates and Evenings - Durham - £13.72,HARD_PASS,3,housing/homelessness/tenancy,STABLE,YES,
250,Housing Support Worker - Nights - Gateshead,HARD_PASS,3,housing/homelessness/tenancy,STABLE,YES,
251,Housing Support Worker - Sunderland - Days,HARD_PASS,3,housing/homelessness/tenancy,STABLE,YES,
252,Housing Support Worker - Sunderland - Wk Ends,HARD_PASS,3,housing/homelessness/tenancy,STABLE,YES,
253,Housing Support Worker - Tow Law - Durham - ADHOC Shifts,HARD_PASS,3,housing/homelessness/tenancy,STABLE,YES,
254,Housing Support Worker - Waking Nights - Durham - £13.72,HARD_PASS,3,housing/homelessness/tenancy,STABLE,YES,
255,Housing Support Worker - Waking Nights - Tow Law - £13.72,HARD_PASS,3,housing/homelessness/tenancy,STABLE,YES,
256,Housing Support Worker - Waking Nights - Whitley Bay - £13.72,HARD_PASS,3,housing/homelessness/tenancy,STABLE,YES,
257,Housing Support Worker - Wallsend - ADHOC Shifts,HARD_PASS,3,housing/homelessness/tenancy,STABLE,YES,
258,Housing Support Worker - Wallsend - Lates - £13.72,HARD_PASS,3,housing/homelessness/tenancy,STABLE,YES,
259,Housing Support Worker - Wallsend - Waking Nights - £13.72,HARD_PASS,3,housing/homelessness/tenancy,STABLE,YES,
260,Housing Support Worker - Whitley Bay - Days - £13.72,HARD_PASS,3,housing/homelessness/tenancy,STABLE,YES,
261,Housing Support Worker - Whitley Bay - Lates - £13.72,HARD_PASS,3,housing/homelessness/tenancy,STABLE,YES,
262,Housing Support Worker / Case Worker,HARD_PASS,3,housing/homelessness/tenancy,STABLE,YES,
263,Housing Support Worker / Night Concierge,HARD_PASS,3,housing/homelessness/tenancy,STABLE,YES,
264,Inclusion and SEND Support Assistant - Gloucester,HARD_PASS,3,education/school/SEN/SEMH/teacher,STABLE,YES,
265,Intern Student Support Assistant,HARD_PASS,3,education/school/SEN/SEMH/teacher,STABLE,YES,
266,Island Community Support Worker,HIGH_CONFIDENCE,1,core Support Worker wording,STABLE,YES,
267,Island Residential Care Assistant,ELASTIC_FIT,2,demoted from HC in V10 cleanup: elastic modifier: residential,STABLE,YES,
268,Jewish Living Support Worker,HIGH_CONFIDENCE,1,core Support Worker wording,STABLE,YES,
269,Lady Support Worker,HIGH_CONFIDENCE,1,core Support Worker wording,STABLE,YES,
270,Lead Support Worker,HARD_PASS,3,senior/lead/team leader/deputy role,STABLE,YES,
271,Learning Disability Support Worker,HIGH_CONFIDENCE,1,core Support Worker wording,STABLE,YES,
272,Learning Support Assistant,HARD_PASS,3,education/school/SEN/SEMH/teacher,STABLE,YES,
273,Learning Support Assistant Study Programme,HARD_PASS,3,education/school/SEN/SEMH/teacher,STABLE,YES,
274,Learning Support Worker,ELASTIC_FIT,2,learning support worker ambiguous unless learning disability is explicit,REVIEW,NO - review first,
275,Live in Care Assistant to Film & TV Student,HIGH_CONFIDENCE,1,care assistant/worker frontline wording,STABLE,YES,
276,Live In Care Worker,HIGH_CONFIDENCE,1,care assistant/worker frontline wording,STABLE,YES,
277,Live in Personal Care Assistant to a Young Law Graduate at home,HIGH_CONFIDENCE,1,care assistant/worker frontline wording,STABLE,YES,
278,Live-In Care Assistant for a Creative Writing Uni Graduate,HIGH_CONFIDENCE,1,care assistant/worker frontline wording,STABLE,YES,
279,"Live-in Care Assistant for a Creative Writing, Film & Theatre Uni",HIGH_CONFIDENCE,1,care assistant/worker frontline wording,STABLE,YES,
280,Live-In Care Assistant to a Creative Writing student,HIGH_CONFIDENCE,1,care assistant/worker frontline wording,STABLE,YES,
281,Live-In Lifestyle / Care Assistant for a Creative Writing Uni Student,HIGH_CONFIDENCE,1,care assistant/worker frontline wording,STABLE,YES,
282,Live-In Personal Care Assistant for a History PhD Student,HIGH_CONFIDENCE,1,care assistant/worker frontline wording,STABLE,YES,
283,Locum Support Worker,HIGH_CONFIDENCE,1,core Support Worker wording,STABLE,YES,
284,LSA / TA / Care Assistant / Support Worker,HARD_PASS,3,education/school/SEN/SEMH/teacher,STABLE,YES,
285,LSA/TA/Care Assistant/SEND Support Worker,HARD_PASS,3,education/school/SEN/SEMH/teacher,STABLE,YES,
286,Male Support Worker,HIGH_CONFIDENCE,1,core Support Worker wording,STABLE,YES,
287,"Male Support Worker - Handsworth, Sheffield",HIGH_CONFIDENCE,1,core Support Worker wording,STABLE,YES,
288,Male Support Worker - Leicester LE4,HIGH_CONFIDENCE,1,core Support Worker wording,STABLE,YES,
289,Male Support Worker - Must Be A Driver,HARD_PASS,3,driver/transport requirement,STABLE,YES,
290,Male Support Workers - Newcastle,HIGH_CONFIDENCE,1,core Support Worker wording,STABLE,YES,
291,Mental Health Student Support Assistant,HARD_PASS,3,education/school/SEN/SEMH/teacher,STABLE,YES,
292,Mental Health Support Worker,HIGH_CONFIDENCE,1,core Support Worker wording,STABLE,YES,
293,Mental Health Support Worker - School Settings,HARD_PASS,3,education/school/SEN/SEMH/teacher,STABLE,YES,
294,Mental Health Support Worker / Learning Mentor,HARD_PASS,3,education/school/SEN/SEMH/teacher,STABLE,YES,
295,Multi Site Support Worker,HIGH_CONFIDENCE,1,core Support Worker wording,STABLE,YES,
296,Night Care Assistant,ELASTIC_FIT,2,demoted from HC in V10 cleanup: elastic modifier: night care,STABLE,YES,
297,Night Care Assistant - Bank,ELASTIC_FIT,2,"demoted from HC in V10 cleanup: elastic modifier: bank, night care",STABLE,YES,
298,Night Care Worker,ELASTIC_FIT,2,demoted from HC in V10 cleanup: elastic modifier: night care,STABLE,YES,
299,Night Care Worker - Part-Time,ELASTIC_FIT,2,demoted from HC in V10 cleanup: elastic modifier: night care,STABLE,YES,
300,Night Child Support Worker,HIGH_CONFIDENCE,1,core Support Worker wording,STABLE,YES,
301,Night Healthcare Assistant,HIGH_CONFIDENCE,1,care assistant/worker frontline wording,STABLE,YES,
302,Night Senior Health Care Assistant,HARD_PASS,3,senior/lead/team leader/deputy role,STABLE,YES,
303,Night Senior Healthcare Assistant,HARD_PASS,3,senior/lead/team leader/deputy role,STABLE,YES,
304,Night Senior Support Worker,HARD_PASS,3,senior/lead/team leader/deputy role,STABLE,YES,
305,Night Support Worker,ELASTIC_FIT,2,demoted from HC in V10 cleanup: elastic modifier: night support,STABLE,YES,
306,Night Support Worker - Children's Homes,ELASTIC_FIT,2,demoted from HC in V10 cleanup: elastic modifier: night support,STABLE,YES,
307,Night Support Worker - Part Time,ELASTIC_FIT,2,demoted from HC in V10 cleanup: elastic modifier: night support,STABLE,YES,
308,Night Support Worker 0061,ELASTIC_FIT,2,demoted from HC in V10 cleanup: elastic modifier: night support,STABLE,YES,
309,Night Young Support Worker,HIGH_CONFIDENCE,1,core Support Worker wording,STABLE,YES,
310,Nights Health Care Assistant,ELASTIC_FIT,2,demoted from HC in V10 cleanup: elastic modifier: nights,STABLE,YES,
311,Nights Healthcare Assistant,ELASTIC_FIT,2,demoted from HC in V10 cleanup: elastic modifier: nights,STABLE,YES,
312,Nights Support Worker,ELASTIC_FIT,2,demoted from HC in V10 cleanup: elastic modifier: nights,STABLE,YES,
313,Paediatric Care Assistant,HIGH_CONFIDENCE,1,care assistant/worker frontline wording,STABLE,YES,
314,Paediatric Healthcare Assistant,HIGH_CONFIDENCE,1,care assistant/worker frontline wording,STABLE,YES,
315,"Part time Ear Wax Removal Technician/Hearing Care Assistant -Kirk Ella, North Yorkshire",HIGH_CONFIDENCE,1,care assistant/worker frontline wording,STABLE,YES,
316,Part Time Female Support Worker,HIGH_CONFIDENCE,1,core Support Worker wording,STABLE,YES,
317,Part Time Support Worker,HIGH_CONFIDENCE,1,core Support Worker wording,STABLE,YES,
318,Part Time Support Worker - Penryn,HIGH_CONFIDENCE,1,core Support Worker wording,STABLE,YES,
319,Part Time Support Worker - Surrey West Hollyhead,HIGH_CONFIDENCE,1,core Support Worker wording,STABLE,YES,
320,Part Time Support Worker - Surrey West Littlefields,HIGH_CONFIDENCE,1,core Support Worker wording,STABLE,YES,
321,Part Time Weekend Support Worker,HIGH_CONFIDENCE,1,core Support Worker wording,STABLE,YES,
322,Pastoral Support Worker,REVIEW_CONTEXT_DEPENDENT,50,demoted from HC in V10 cleanup: specialist/context-dependent title marker: pastoral,REVIEW,NO - review first,
323,Peebles - Relief Support Practitioners,ELASTIC_FIT,2,contains support/care signal but no stable rule yet,REVIEW,NO - review first,
324,Peer Support Worker,HIGH_CONFIDENCE,1,core Support Worker wording,STABLE,YES,
325,Personal Care Assistant,HIGH_CONFIDENCE,1,care assistant/worker frontline wording,STABLE,YES,
326,Reablement Support Worker,HIGH_CONFIDENCE,1,core Support Worker wording,STABLE,YES,
327,Reablement Support Worker Evenings,HIGH_CONFIDENCE,1,core Support Worker wording,STABLE,YES,
328,Reablement Support Worker Weekends,HIGH_CONFIDENCE,1,core Support Worker wording,STABLE,YES,
329,Recovery Support Worker,HIGH_CONFIDENCE,1,core Support Worker wording,STABLE,YES,
330,Recovery Support Worker - Exeter,HIGH_CONFIDENCE,1,core Support Worker wording,STABLE,YES,
331,Recovery Support Worker - Maternity Cover,HIGH_CONFIDENCE,1,core Support Worker wording,STABLE,YES,
332,Recovery Support Worker -Mental Health - Bolton,HIGH_CONFIDENCE,1,core Support Worker wording,STABLE,YES,
333,Recovery Worker,ELASTIC_FIT,2,recovery/outreach/key/project/enabling worker without support-worker wording,REVIEW,NO - review first,
334,Regional Care Assistant,HIGH_CONFIDENCE,1,care assistant/worker frontline wording,STABLE,YES,
335,Regional Care Assistant - Bank,ELASTIC_FIT,2,demoted from HC in V10 cleanup: elastic modifier: bank,STABLE,YES,
336,Regional Care Assistant - Complex Care,ELASTIC_FIT,2,demoted from HC in V10 cleanup: elastic modifier: complex care,STABLE,YES,
337,Regional Care Assistant Complex Care,ELASTIC_FIT,2,demoted from HC in V10 cleanup: elastic modifier: complex care,STABLE,YES,
338,Rehabilitation Support Worker,HIGH_CONFIDENCE,1,core Support Worker wording,STABLE,YES,
339,Relief Activity Support Worker,ELASTIC_FIT,2,demoted from HC in V10 cleanup: elastic modifier: relief,STABLE,YES,
340,Relief Care Worker,ELASTIC_FIT,2,demoted from HC in V10 cleanup: elastic modifier: relief,STABLE,YES,
341,Relief Extra Care Support Worker,ELASTIC_FIT,2,demoted from HC in V10 cleanup: elastic modifier: relief,STABLE,YES,
342,Relief Female Support Worker,ELASTIC_FIT,2,demoted from HC in V10 cleanup: elastic modifier: relief,STABLE,YES,
343,Relief Housing Support Worker,HARD_PASS,3,housing/homelessness/tenancy,STABLE,YES,
344,Relief Night Care Worker,ELASTIC_FIT,2,"demoted from HC in V10 cleanup: elastic modifier: relief, night care",STABLE,YES,
345,Relief Recovery Support Worker,ELASTIC_FIT,2,demoted from HC in V10 cleanup: elastic modifier: relief,STABLE,YES,
346,Relief Residential Support Worker,ELASTIC_FIT,2,"demoted from HC in V10 cleanup: elastic modifier: relief, residential",STABLE,YES,
347,Relief Senior Care Worker,HARD_PASS,3,senior/lead/team leader/deputy role,STABLE,YES,
348,Relief Support Worker,ELASTIC_FIT,2,demoted from HC in V10 cleanup: elastic modifier: relief,STABLE,YES,
349,Relief Waking Night Support Worker,ELASTIC_FIT,2,"demoted from HC in V10 cleanup: elastic modifier: relief, waking night, night support",STABLE,YES,
350,Resident Project Support Worker (Housing),HARD_PASS,3,manager/coordinator/officer/admin/business support,STABLE,YES,
351,Residential Care Worker,ELASTIC_FIT,2,residential childcare/care worker without support-worker wording,REVIEW,NO - review first,
352,Residential Care Worker Children - Assessment Home,ELASTIC_FIT,2,residential childcare/care worker without support-worker wording,REVIEW,NO - review first,
353,Residential Care Worker Children's,ELASTIC_FIT,2,residential childcare/care worker without support-worker wording,REVIEW,NO - review first,
354,Residential Child Care Worker,ELASTIC_FIT,2,demoted from HC in V10 cleanup: elastic modifier: residential,STABLE,YES,
355,Residential Child Care Worker (Sessional/Casual),ELASTIC_FIT,2,"demoted from HC in V10 cleanup: elastic modifier: casual, sessional, residential",STABLE,YES,
356,Residential Childcare Support Worker,ELASTIC_FIT,2,demoted from HC in V10 cleanup: elastic modifier: residential,STABLE,YES,
357,Residential Childcare Support Worker (Casual),ELASTIC_FIT,2,"demoted from HC in V10 cleanup: elastic modifier: casual, residential",STABLE,YES,
358,Residential Childcare Support Worker (Sessional/Casual),ELASTIC_FIT,2,"demoted from HC in V10 cleanup: elastic modifier: casual, sessional, residential",STABLE,YES,
359,Residential Children Support Worker,ELASTIC_FIT,2,demoted from HC in V10 cleanup: elastic modifier: residential,STABLE,YES,
360,Residential Children's Support Worker,ELASTIC_FIT,2,demoted from HC in V10 cleanup: elastic modifier: residential,STABLE,YES,
361,Residential Childrens Senior Support Worker,HARD_PASS,3,senior/lead/team leader/deputy role,STABLE,YES,
362,Residential Childrens Support Worker,ELASTIC_FIT,2,demoted from HC in V10 cleanup: elastic modifier: residential,STABLE,YES,
363,Residential Support Worker,ELASTIC_FIT,2,demoted from HC in V10 cleanup: elastic modifier: residential,STABLE,YES,
364,Residential Support Worker - Attached to school,HARD_PASS,3,education/school/SEN/SEMH/teacher,STABLE,YES,
365,Residential Support Worker / Childrens Centre Assistant (Cook),ELASTIC_FIT,2,demoted from HC in V10 cleanup: elastic modifier: residential,STABLE,YES,
366,Residential Support Worker Children's Services,ELASTIC_FIT,2,demoted from HC in V10 cleanup: elastic modifier: residential,STABLE,YES,
367,Residential Support Worker Driver,HARD_PASS,3,driver/transport requirement,STABLE,YES,
368,Residential Support Worker Outside IR35,ELASTIC_FIT,2,demoted from HC in V10 cleanup: elastic modifier: residential,STABLE,YES,
369,Residential Support Worker- Young People,ELASTIC_FIT,2,demoted from HC in V10 cleanup: elastic modifier: residential,STABLE,YES,
370,Residential Support Workers,ELASTIC_FIT,2,demoted from HC in V10 cleanup: elastic modifier: residential,STABLE,YES,
371,Residential Support Workers- Full time Role,ELASTIC_FIT,2,demoted from HC in V10 cleanup: elastic modifier: residential,STABLE,YES,
372,Rough Sleepers Recovery Worker,HARD_PASS,3,housing/homelessness/tenancy,STABLE,YES,
373,School Autism Support Worker,HARD_PASS,3,education/school/SEN/SEMH/teacher,STABLE,YES,
374,School Support Worker,HARD_PASS,3,education/school/SEN/SEMH/teacher,STABLE,YES,
375,School-Based Care Assistant,HARD_PASS,3,education/school/SEN/SEMH/teacher,STABLE,YES,
376,School-Based Care Assistant (PMLD and Complex Needs),HARD_PASS,3,education/school/SEN/SEMH/teacher,STABLE,YES,
377,Scottish Island- Support Worker,HIGH_CONFIDENCE,1,core Support Worker wording,STABLE,YES,
378,Secondary School Support Worker,HARD_PASS,3,education/school/SEN/SEMH/teacher,STABLE,YES,
379,Secure Children's Home Support Worker,HIGH_CONFIDENCE,1,core Support Worker wording,STABLE,YES,
380,SEMH Support Worker,HARD_PASS,3,education/school/SEN/SEMH/teacher,STABLE,YES,
381,SEN School Support Worker / Great SEN School,HARD_PASS,3,education/school/SEN/SEMH/teacher,STABLE,YES,
382,SEN Support Worker,HARD_PASS,3,education/school/SEN/SEMH/teacher,STABLE,YES,
383,SEN Support Worker Assistant,HARD_PASS,3,education/school/SEN/SEMH/teacher,STABLE,YES,
384,SEN support workers,HARD_PASS,3,education/school/SEN/SEMH/teacher,STABLE,YES,
385,SEND Business support assistant,HARD_PASS,3,manager/coordinator/officer/admin/business support,STABLE,YES,
386,Senior Business Support Assistant,HARD_PASS,3,senior/lead/team leader/deputy role,STABLE,YES,
387,Senior Business Support Assistant - Minute taking,HARD_PASS,3,senior/lead/team leader/deputy role,STABLE,YES,
388,Senior Business Support Assistant/PA role,HARD_PASS,3,senior/lead/team leader/deputy role,STABLE,YES,
389,Senior Care Assistant,HARD_PASS,3,senior/lead/team leader/deputy role,STABLE,YES,
390,Senior Care Assistant - Care Home,HARD_PASS,3,senior/lead/team leader/deputy role,STABLE,YES,
391,Senior Care Assistant - Care Home - Bank,HARD_PASS,3,senior/lead/team leader/deputy role,STABLE,YES,
392,Senior Care Assistant Nightshift - Our Ladys,HARD_PASS,3,senior/lead/team leader/deputy role,STABLE,YES,
393,Senior Care Worker,HARD_PASS,3,senior/lead/team leader/deputy role,STABLE,YES,
394,Senior Children Residential Support Worker,HARD_PASS,3,senior/lead/team leader/deputy role,STABLE,YES,
395,Senior Children's Residential Support Worker,HARD_PASS,3,senior/lead/team leader/deputy role,STABLE,YES,
396,Senior Childrens Residential Support Worker,HARD_PASS,3,senior/lead/team leader/deputy role,STABLE,YES,
397,Senior Childrens Support Worker,HARD_PASS,3,senior/lead/team leader/deputy role,STABLE,YES,
398,Senior Childrens Therapeuitc Support Worker,HARD_PASS,3,senior/lead/team leader/deputy role,STABLE,YES,
399,Senior Community Healthcare Support Worker - Paediatrics,HARD_PASS,3,senior/lead/team leader/deputy role,STABLE,YES,
400,Senior Community Healthcare Support Worker Paediatrics,HARD_PASS,3,senior/lead/team leader/deputy role,STABLE,YES,
401,Senior Community Support Practitioner,HARD_PASS,3,senior/lead/team leader/deputy role,STABLE,YES,
402,Senior Day Care Assistant,HARD_PASS,3,senior/lead/team leader/deputy role,STABLE,YES,
403,Senior Health Care Assistant - Days,HARD_PASS,3,senior/lead/team leader/deputy role,STABLE,YES,
404,"Senior Health care assistant - Leeds, Halifax and Newcastle",HARD_PASS,3,senior/lead/team leader/deputy role,STABLE,YES,
405,Senior Healthcare Assistant,HARD_PASS,3,senior/lead/team leader/deputy role,STABLE,YES,
406,Senior Night Care Assistant,HARD_PASS,3,senior/lead/team leader/deputy role,STABLE,YES,
407,Senior Night Care Worker,HARD_PASS,3,senior/lead/team leader/deputy role,STABLE,YES,
408,Senior Night Care Worker - Part-Time,HARD_PASS,3,senior/lead/team leader/deputy role,STABLE,YES,
409,Senior Night Support Worker,HARD_PASS,3,senior/lead/team leader/deputy role,STABLE,YES,
410,Senior Night Waking Youth Support Worker,HARD_PASS,3,senior/lead/team leader/deputy role,STABLE,YES,
411,Senior Recovery Worker,HARD_PASS,3,senior/lead/team leader/deputy role,STABLE,YES,
412,Senior Residential Care Worker,HARD_PASS,3,senior/lead/team leader/deputy role,STABLE,YES,
413,Senior Residential Care Worker Children's,HARD_PASS,3,senior/lead/team leader/deputy role,STABLE,YES,
414,Senior Residential Childcare Support Worker,HARD_PASS,3,senior/lead/team leader/deputy role,STABLE,YES,
415,Senior Residential Childrens Support Worker,HARD_PASS,3,senior/lead/team leader/deputy role,STABLE,YES,
416,Senior Residential Support Worker,HARD_PASS,3,senior/lead/team leader/deputy role,STABLE,YES,
417,Senior Residential Support Worker Children's Services,HARD_PASS,3,senior/lead/team leader/deputy role,STABLE,YES,
418,Senior Residential Support Worker Childrens Services,HARD_PASS,3,senior/lead/team leader/deputy role,STABLE,YES,
419,Senior Specialist Support Worker (maternity cover),HARD_PASS,3,senior/lead/team leader/deputy role,STABLE,YES,
420,Senior Support Worker,HARD_PASS,3,senior/lead/team leader/deputy role,STABLE,YES,
421,Senior Support Worker - Must be a Driver,HARD_PASS,3,senior/lead/team leader/deputy role,STABLE,YES,
422,Senior Support Worker- Female,HARD_PASS,3,senior/lead/team leader/deputy role,STABLE,YES,
423,Senior Support Worker- Young People,HARD_PASS,3,senior/lead/team leader/deputy role,STABLE,YES,
424,Senior Support Worker/Care Practitioner (Waking Nights),HARD_PASS,3,senior/lead/team leader/deputy role,STABLE,YES,
425,Senior Support Workers,HARD_PASS,3,senior/lead/team leader/deputy role,STABLE,YES,
426,Senior Youth Support Worker,HARD_PASS,3,senior/lead/team leader/deputy role,STABLE,YES,
427,Skilled Support Workers and Care Assistants,HIGH_CONFIDENCE,1,core Support Worker wording,STABLE,YES,
428,"Social Care Worker, Rochdale Council",HIGH_CONFIDENCE,1,care assistant/worker frontline wording,STABLE,YES,
429,Social worker and support workers,HARD_PASS,3,nurse/clinical professional/social worker,STABLE,YES,
430,Specialist Domestic Abuse Support Worker,HIGH_CONFIDENCE,1,core Support Worker wording,STABLE,YES,
431,Specialist Support Worker,HIGH_CONFIDENCE,1,core Support Worker wording,STABLE,YES,
432,Specialist Support Worker - Housing Lead,HARD_PASS,3,senior/lead/team leader/deputy role,STABLE,YES,
433,Specialist Support Worker / Refuge Advocate,HIGH_CONFIDENCE,1,core Support Worker wording,STABLE,YES,
434,Specialist Therapeutic Foster Carer - Family Support Worker,HARD_PASS,3,"foster carer route, not support-worker slice",STABLE,YES,
435,Specialist Therapeutic Foster Carer - Healthcare Assistant & Support Worker,HARD_PASS,3,"foster carer route, not support-worker slice",STABLE,YES,
436,Specialist Therapeutic Foster Carer - Residential Childcare Worker/Practitioner,HARD_PASS,3,"foster carer route, not support-worker slice",STABLE,YES,
437,"Speech, Language and Communication support worker",REVIEW_CONTEXT_DEPENDENT,50,"demoted from HC in V10 cleanup: specialist/context-dependent title marker: speech, language and communication",REVIEW,NO - review first,
438,Support Practitioner,ELASTIC_FIT,2,support assistant/practitioner; adjacent to support-worker search term,REVIEW,NO - review first,
439,Support Worker,HIGH_CONFIDENCE,1,core Support Worker wording,STABLE,YES,
440,Support Worker - Ammanford,HIGH_CONFIDENCE,1,core Support Worker wording,STABLE,YES,
441,Support Worker - Band 3,HIGH_CONFIDENCE,1,core Support Worker wording,STABLE,YES,
442,Support Worker - Bank,ELASTIC_FIT,2,demoted from HC in V10 cleanup: elastic modifier: bank,STABLE,YES,
443,Support Worker - Bank Worker,ELASTIC_FIT,2,demoted from HC in V10 cleanup: elastic modifier: bank,STABLE,YES,
444,Support Worker - Burnley,HIGH_CONFIDENCE,1,core Support Worker wording,STABLE,YES,
445,Support Worker - Cardiff,HIGH_CONFIDENCE,1,core Support Worker wording,STABLE,YES,
446,Support Worker - Children & Young People,HIGH_CONFIDENCE,1,core Support Worker wording,STABLE,YES,
447,Support Worker - Children's Residential,ELASTIC_FIT,2,demoted from HC in V10 cleanup: elastic modifier: residential,STABLE,YES,
448,Support Worker - Childrens Residential Care,ELASTIC_FIT,2,demoted from HC in V10 cleanup: elastic modifier: residential,STABLE,YES,
449,Support Worker - Childrens Services,HIGH_CONFIDENCE,1,core Support Worker wording,STABLE,YES,
450,Support Worker - Choppington,HIGH_CONFIDENCE,1,core Support Worker wording,STABLE,YES,
451,Support Worker - Cramlington,HIGH_CONFIDENCE,1,core Support Worker wording,STABLE,YES,
452,Support Worker - Dairy Mews,HIGH_CONFIDENCE,1,core Support Worker wording,STABLE,YES,
453,Support Worker - Days,HIGH_CONFIDENCE,1,core Support Worker wording,STABLE,YES,
454,Support Worker - Days / Nights,ELASTIC_FIT,2,demoted from HC in V10 cleanup: elastic modifier: nights,STABLE,YES,
455,Support worker - Deaf Community,HIGH_CONFIDENCE,1,core Support Worker wording,STABLE,YES,
456,Support Worker - Deaf Services,HIGH_CONFIDENCE,1,core Support Worker wording,STABLE,YES,
457,Support Worker - East Lancashire -,HIGH_CONFIDENCE,1,core Support Worker wording,STABLE,YES,
458,Support Worker - Evenings,HIGH_CONFIDENCE,1,core Support Worker wording,STABLE,YES,
459,Support Worker - Female,HIGH_CONFIDENCE,1,core Support Worker wording,STABLE,YES,
460,Support Worker - Female drivers required,HARD_PASS,3,driver/transport requirement,STABLE,YES,
461,Support Worker - Full Time - Must be Driver,HARD_PASS,3,driver/transport requirement,STABLE,YES,
462,Support Worker - Halifax,HIGH_CONFIDENCE,1,core Support Worker wording,STABLE,YES,
463,Support Worker - Homelessness,HARD_PASS,3,housing/homelessness/tenancy,STABLE,YES,
464,Support Worker - Kings Lynn,HIGH_CONFIDENCE,1,core Support Worker wording,STABLE,YES,
465,Support Worker - Learning Disabilities (Temporary),HIGH_CONFIDENCE,1,core Support Worker wording,STABLE,YES,
466,Support Worker - Leyland and Chorley,HIGH_CONFIDENCE,1,core Support Worker wording,STABLE,YES,
467,Support Worker - Male,HIGH_CONFIDENCE,1,core Support Worker wording,STABLE,YES,
468,Support Worker - Mother & Baby Home,HIGH_CONFIDENCE,1,core Support Worker wording,STABLE,YES,
469,Support Worker - Must be a driver,HARD_PASS,3,driver/transport requirement,STABLE,YES,
470,Support Worker - Must Be Driver,HARD_PASS,3,driver/transport requirement,STABLE,YES,
471,Support Worker - Newbiggin by the Sea,HIGH_CONFIDENCE,1,core Support Worker wording,STABLE,YES,
472,Support Worker - Part-Time,HIGH_CONFIDENCE,1,core Support Worker wording,STABLE,YES,
473,Support Worker - Portadown,HIGH_CONFIDENCE,1,core Support Worker wording,STABLE,YES,
474,Support Worker - Surrey East -Burntwood Lane,HIGH_CONFIDENCE,1,core Support Worker wording,STABLE,YES,
475,Support Worker - Surrey West Yewtree,HIGH_CONFIDENCE,1,core Support Worker wording,STABLE,YES,
476,Support Worker - Waking Nights,ELASTIC_FIT,2,"demoted from HC in V10 cleanup: elastic modifier: waking night, nights",STABLE,YES,
477,Support Worker - Winlaton,HIGH_CONFIDENCE,1,core Support Worker wording,STABLE,YES,
478,Support Worker - Workington,HIGH_CONFIDENCE,1,core Support Worker wording,STABLE,YES,
479,Support Worker - Workington Nights,ELASTIC_FIT,2,demoted from HC in V10 cleanup: elastic modifier: nights,STABLE,YES,
480,Support Worker - Young Adults 0064,HIGH_CONFIDENCE,1,core Support Worker wording,STABLE,YES,
481,Support Worker -Surrey West - Woking Varied Services,HIGH_CONFIDENCE,1,core Support Worker wording,STABLE,YES,
482,Support Worker (Autism Support),HIGH_CONFIDENCE,1,core Support Worker wording,STABLE,YES,
483,Support Worker (Complex Service),HIGH_CONFIDENCE,1,core Support Worker wording,STABLE,YES,
484,Support Worker (Flexible Hours),HIGH_CONFIDENCE,1,core Support Worker wording,STABLE,YES,
485,Support Worker (Nights),ELASTIC_FIT,2,demoted from HC in V10 cleanup: elastic modifier: nights,STABLE,YES,
486,Support Worker (Part Time) Alltwen,HIGH_CONFIDENCE,1,core Support Worker wording,STABLE,YES,
487,Support Worker / Specialist SEN Nanny,HARD_PASS,3,education/school/SEN/SEMH/teacher,STABLE,YES,
488,Support Worker Bank,ELASTIC_FIT,2,demoted from HC in V10 cleanup: elastic modifier: bank,STABLE,YES,
489,Support Worker Driver,HARD_PASS,3,driver/transport requirement,STABLE,YES,
490,Support Worker Driver Specific,HARD_PASS,3,driver/transport requirement,STABLE,YES,
491,Support Worker Haverhill,HIGH_CONFIDENCE,1,core Support Worker wording,STABLE,YES,
492,Support Worker LD Home & Community,HIGH_CONFIDENCE,1,core Support Worker wording,STABLE,YES,
493,Support Worker Learning Disabilities,HIGH_CONFIDENCE,1,core Support Worker wording,STABLE,YES,
494,Support Worker Learning Disabilities - Cover Hours,HIGH_CONFIDENCE,1,core Support Worker wording,STABLE,YES,
495,Support Worker Part Time,HIGH_CONFIDENCE,1,core Support Worker wording,STABLE,YES,
496,Support worker School based,HARD_PASS,3,education/school/SEN/SEMH/teacher,STABLE,YES,
497,Support Worker Supported Living,HIGH_CONFIDENCE,1,core Support Worker wording,STABLE,YES,
498,Support Worker Team Manager,HARD_PASS,3,manager/coordinator/officer/admin/business support,STABLE,YES,
499,Support Worker- Must be a driver,HARD_PASS,3,driver/transport requirement,STABLE,YES,
500,Support Worker- Polish & English Speaking,HIGH_CONFIDENCE,1,core Support Worker wording,STABLE,YES,
501,Support Worker- Scottish Islands,HIGH_CONFIDENCE,1,core Support Worker wording,STABLE,YES,
502,Support Workers - Community & Outreach (Lanarkshire),HIGH_CONFIDENCE,1,core Support Worker wording,STABLE,YES,
503,Support Workers - Newcastle,HIGH_CONFIDENCE,1,core Support Worker wording,STABLE,YES,
504,Support Workers - South Tyneside,HIGH_CONFIDENCE,1,core Support Worker wording,STABLE,YES,
505,Support Workers - Supported Living,HIGH_CONFIDENCE,1,core Support Worker wording,STABLE,YES,
506,Support Workers Childrens Mental Health Services,HIGH_CONFIDENCE,1,core Support Worker wording,STABLE,YES,
507,Support Workers for Islands,HIGH_CONFIDENCE,1,core Support Worker wording,STABLE,YES,
508,Support Workers to Teaching Assistants! - Kings Heath,HARD_PASS,3,education/school/SEN/SEMH/teacher,STABLE,YES,
509,Support Workers to Teaching Assistants! - Moseley,HARD_PASS,3,education/school/SEN/SEMH/teacher,STABLE,YES,
510,Support Workers- Full Time Role,HIGH_CONFIDENCE,1,core Support Worker wording,STABLE,YES,
511,Supported Living Support Worker,HIGH_CONFIDENCE,1,core Support Worker wording,STABLE,YES,
512,Supporter Care Assistant,HIGH_CONFIDENCE,1,care assistant/worker frontline wording,STABLE,YES,
513,Team Leader / Senior Care Assistant - Nights,HARD_PASS,3,senior/lead/team leader/deputy role,STABLE,YES,
514,Temporary PA Support Worker,HIGH_CONFIDENCE,1,core Support Worker wording,STABLE,YES,
515,Tenancy Management Support Worker,HARD_PASS,3,manager/coordinator/officer/admin/business support,STABLE,YES,
516,Tenancy Support Worker,HARD_PASS,3,housing/homelessness/tenancy,STABLE,YES,
517,Theatre Support Worker,HIGH_CONFIDENCE,1,core Support Worker wording,STABLE,YES,
518,Therapeutic Residential Childcare worker,ELASTIC_FIT,2,residential childcare/care worker without support-worker wording,REVIEW,NO - review first,
519,Therapy Support Assistant,ELASTIC_FIT,2,support assistant/practitioner; adjacent to support-worker search term,REVIEW,NO - review first,
520,Trainee Hearing Care Assistant,HIGH_CONFIDENCE,1,care assistant/worker frontline wording,STABLE,YES,
521,Trainee Hearing Care Assistant - Midlands / North,HIGH_CONFIDENCE,1,care assistant/worker frontline wording,STABLE,YES,
522,"Trainee Hearing Care Assistant, Lancashire",HIGH_CONFIDENCE,1,care assistant/worker frontline wording,STABLE,YES,
523,"Trainee Hearing Care Assistant, West London",HIGH_CONFIDENCE,1,care assistant/worker frontline wording,STABLE,YES,
524,"Trainee Hearing Care Assistant, Wolverhampton",HIGH_CONFIDENCE,1,care assistant/worker frontline wording,STABLE,YES,
525,"Trainee Hearing Care Assistant, Worcester",HIGH_CONFIDENCE,1,care assistant/worker frontline wording,STABLE,YES,
526,Wake Night Female Support Worker,ELASTIC_FIT,2,demoted from HC in V10 cleanup: elastic modifier: wake night,STABLE,YES,
527,Wake Night Support Worker,ELASTIC_FIT,2,"demoted from HC in V10 cleanup: elastic modifier: wake night, night support",STABLE,YES,
528,Wake Night Support Worker - Bedford,ELASTIC_FIT,2,"demoted from HC in V10 cleanup: elastic modifier: wake night, night support",STABLE,YES,
529,Wake Night Support Worker - Cottenham,ELASTIC_FIT,2,"demoted from HC in V10 cleanup: elastic modifier: wake night, night support",STABLE,YES,
530,Wake Night Support Worker Male,ELASTIC_FIT,2,"demoted from HC in V10 cleanup: elastic modifier: wake night, night support",STABLE,YES,
531,Wake Night Support Worker- Male,ELASTIC_FIT,2,"demoted from HC in V10 cleanup: elastic modifier: wake night, night support",STABLE,YES,
532,Wake Night Support Workers,ELASTIC_FIT,2,"demoted from HC in V10 cleanup: elastic modifier: wake night, night support",STABLE,YES,
533,Waking Night & Days Support Worker,ELASTIC_FIT,2,demoted from HC in V10 cleanup: elastic modifier: waking night,STABLE,YES,
534,Waking Night Childcare Worker,ELASTIC_FIT,2,residential childcare/care worker without support-worker wording,REVIEW,NO - review first,
535,Waking Night Extra Care Support Worker,ELASTIC_FIT,2,demoted from HC in V10 cleanup: elastic modifier: waking night,STABLE,YES,
536,Waking Night Recovery Worker,ELASTIC_FIT,2,recovery/outreach/key/project/enabling worker without support-worker wording,REVIEW,NO - review first,
537,Waking Night Residential Childcare Support Worker,ELASTIC_FIT,2,"demoted from HC in V10 cleanup: elastic modifier: waking night, residential",STABLE,YES,
538,Waking Night Support Worker,ELASTIC_FIT,2,"demoted from HC in V10 cleanup: elastic modifier: waking night, night support",STABLE,YES,
539,Waking Night Support Worker - Female,ELASTIC_FIT,2,"demoted from HC in V10 cleanup: elastic modifier: waking night, night support",STABLE,YES,
540,Waking Night Support Worker - Mansfield,ELASTIC_FIT,2,"demoted from HC in V10 cleanup: elastic modifier: waking night, night support",STABLE,YES,
541,Waking Night Support Worker Part Time,ELASTIC_FIT,2,"demoted from HC in V10 cleanup: elastic modifier: waking night, night support",STABLE,YES,
542,Waking Nights Support Worker,ELASTIC_FIT,2,"demoted from HC in V10 cleanup: elastic modifier: waking night, nights",STABLE,YES,
543,Waking Nights Support Workers Childrens Mental Health Services,ELASTIC_FIT,2,"demoted from HC in V10 cleanup: elastic modifier: waking night, nights",STABLE,YES,
544,Weekend Care Assistant,HIGH_CONFIDENCE,1,care assistant/worker frontline wording,STABLE,YES,
545,Weekend Female Paediatric Healthcare Assistant,HIGH_CONFIDENCE,1,care assistant/worker frontline wording,STABLE,YES,
546,Weekend Support Worker,HIGH_CONFIDENCE,1,core Support Worker wording,STABLE,YES,
547,Weekend Support Worker - Learning Disabilities St Austell,HIGH_CONFIDENCE,1,core Support Worker wording,STABLE,YES,
548,Young People Support Worker,ELASTIC_FIT,2,family/youth/young-person support role; adjacent not core care slice,REVIEW,NO - review first,
549,Young People's Support Worker - Semi-Independent Living,HIGH_CONFIDENCE,1,core Support Worker wording,STABLE,YES,
550,Young Person Support Worker,ELASTIC_FIT,2,family/youth/young-person support role; adjacent not core care slice,REVIEW,NO - review first,
551,Young Person Support Worker Wiltshire Leaving Care,ELASTIC_FIT,2,family/youth/young-person support role; adjacent not core care slice,REVIEW,NO - review first,
552,Young Person's Residential Support Worker Hyde,ELASTIC_FIT,2,demoted from HC in V10 cleanup: elastic modifier: residential,STABLE,YES,
553,Youth Residential Support Worker,ELASTIC_FIT,2,demoted from HC in V10 cleanup: elastic modifier: residential,STABLE,YES,
554,Youth Support Worker,ELASTIC_FIT,2,family/youth/young-person support role; adjacent not core care slice,REVIEW,NO - review first,
555,Youth Support Worker - Oxford,ELASTIC_FIT,2,family/youth/young-person support role; adjacent not core care slice,REVIEW,NO - review first,
556,Youth Support Worker - Reading,ELASTIC_FIT,2,family/youth/young-person support role; adjacent not core care slice,REVIEW,NO - review first,
557,"Youth Support Worker, Primary School based",HARD_PASS,3,education/school/SEN/SEMH/teacher,STABLE,YES,